Age,Gender,Where_live,AVG_Sleep_Per_Night,Regular_Bed_time,Exam_Night_Bed_Time,Holiday_Bed_Time,Regular_WakeUp_Time,Holiday_WakeUp_Time,Have_Regular_Bed_Time,Daytime_Nap,Struggle_to_Sleep,Sleep_Condition,Electronic_Devices_Before_Bed,Consume_Caffeine_Night,Dinnar_Time,Smoke,Sleep_Affecting_Drugs,Daily_Academics_Time_Spend,Main_Reason_for_Insufficient_Sleep,Rate_Sleep_Quality,Class_Attendance,Sleepiness_During_Class,Skip_Class_for_Sleep,Focus_on_Academic_Task,Impact_of_Sleep_on_Academic,Current_CGPA5,CGPA3_Class,Aware_of_Recomamended_Sleep,Use_Sleep_Tracking_Devices,Sacrifices_Sleep_for_Academics
0.6417976023271283,0.0,1.0,0.21744645182213015,1.0,0.68,0.94,1.0,1.0,0.0,0.2788998302332391,0.0,1.0,1.0,0.0,1.0,0.0,0.0,0.21,0.0,1.0,0.6352030655315053,1.0,1.0,0.0,0.66,1.0,2,1.0,0.0,1.0
0.3333333333333333,0.0,1.0,0.2515283798765428,1.0,1.0,0.99,0.5,1.0,0.0,0.10444205060426981,0.0,1.0,0.0,1.0,1.0,0.0,0.0,0.0,0.07289271129665023,0.01,0.23267026981180072,0.684005784112586,0.0,0.48,0.38,1.0,2,1.0,0.0,1.0
0.6905152102838725,1.0,0.4,0.6133795883954654,0.98,0.81,0.98,1.0,1.0,1.0,0.08219781588029645,0.0,1.0,1.0,0.0,0.5,0.0,0.0,0.02,0.6766274379069719,0.53,0.0,1.0,1.0,0.55,0.7,1.0,2,1.0,0.0,0.0
1.0,0.0,0.0,0.6876649203936331,0.69,0.02,0.95,0.3,1.0,0.0,0.0,0.0,0.96,1.0,0.0,1.0,0.0,0.0,0.04,0.4724867670624058,0.57,0.0,0.34799813546716724,1.0,0.1,0.29,1.0,2,1.0,0.0,0.0
0.34254933486471956,0.0,1.0,0.6871360324772079,0.99,1.0,1.0,0.9,1.0,0.0,0.0,0.85,0.96,1.0,0.0,0.9,0.0,0.0,0.25,0.0,1.0,0.17134385533421986,1.0,1.0,0.54,0.84,1.0,2,1.0,0.0,0.0
0.6487732049576227,0.0,0.9,0.2918178939298437,1.0,0.75,0.98,0.6,1.0,0.0,0.0,0.7,1.0,0.0,0.0,1.0,0.0,1.0,0.55,0.0,0.21,0.576062544295352,0.6104931442212795,0.0,0.0,0.02,1.0,2,1.0,0.0,1.0
0.43851678963612795,1.0,0.1,0.23231833505679683,0.88,0.84,1.0,0.0,1.0,0.0,0.0,0.0,1.0,1.0,0.0,1.0,0.0,0.0,1.0,0.4399318476552736,1.0,0.0,0.6932732523575348,0.0,0.88,0.0,1.0,2,1.0,0.0,1.0
0.6915901817216036,1.0,0.3,0.2701480153327488,1.0,0.97,0.95,0.9,1.0,0.0,0.0,0.43,0.98,0.0,0.0,0.4,0.0,0.0,0.22,0.0,0.99,0.0,1.0,1.0,0.45,0.34,1.0,2,1.0,0.0,1.0
0.3333333333333333,1.0,0.5,0.613874578533176,0.61,0.97,0.96,1.0,1.0,1.0,0.25759719533324876,0.41,1.0,1.0,0.0,0.4,0.0,0.0,0.11,0.1386944149924231,0.83,0.0,0.7858989931185247,1.0,0.03,0.79,1.0,2,1.0,0.0,1.0
0.4709362824853366,1.0,0.4,0.4302199649928484,1.0,0.97,0.99,1.0,1.0,1.0,0.34538441564571054,0.48,0.97,1.0,1.0,1.0,0.0,0.0,0.32,0.3964827417687272,1.0,0.09139594612012177,1.0,1.0,0.54,0.56,1.0,2,1.0,0.0,0.0
0.6406281047510367,1.0,0.4,0.6808666289689799,1.0,1.0,0.97,1.0,1.0,0.0,0.0,0.73,1.0,1.0,0.0,0.3,1.0,0.0,0.37,0.0,0.82,0.0,0.7269978083502163,1.0,0.44,1.0,1.0,2,1.0,0.0,1.0
0.6913051358970846,1.0,0.5,0.7215202026376416,1.0,1.0,0.97,0.9,1.0,1.0,0.7609225564405809,0.0,1.0,1.0,0.0,1.0,0.0,0.0,0.33,0.0,0.6,0.5460896704308384,0.7086041807794814,0.0,0.54,0.86,1.0,2,1.0,0.0,1.0
0.6823984230338991,1.0,0.0,0.0,0.95,0.98,0.94,1.0,1.0,1.0,0.4033293109254074,0.38,1.0,1.0,0.0,1.0,0.0,0.0,0.0,0.002535471793460642,0.06,0.6657070742674813,0.7593861211652787,1.0,0.49,0.08,1.0,2,1.0,0.0,0.0
0.3333333333333333,0.0,0.0,0.0,1.0,0.98,1.0,1.0,0.9,0.0,0.10808241451236006,0.0,1.0,0.0,0.0,0.6,0.0,1.0,0.27,0.36974549131226697,0.8,0.7045369528064139,0.7827713681235109,0.0,0.86,0.9,1.0,2,1.0,0.0,0.0
0.6696000089399434,1.0,0.0,0.0,1.0,1.0,1.0,1.0,1.0,0.0,0.5290275276136651,0.07,1.0,0.0,0.0,0.7,0.0,0.0,0.31,0.37892345156152635,0.25,0.3152833479200896,0.7145197359905773,0.0,0.51,0.1,1.0,2,1.0,0.0,1.0
0.45667148892495035,1.0,0.0,0.0,1.0,0.97,0.96,1.0,1.0,0.0,0.25318683918449714,0.41,1.0,1.0,0.0,1.0,0.0,0.0,0.1,0.0514181853739652,0.74,0.06270028129294823,0.9363650062111311,1.0,0.45,0.98,1.0,2,1.0,0.0,1.0
0.6473454488999183,0.0,0.5,0.4158137751943553,0.77,0.96,1.0,1.0,1.0,0.0,0.558792651897638,0.0,1.0,0.0,0.0,1.0,0.0,0.0,0.09,0.8996483778029758,0.78,0.013556427188108268,0.0016594273520801877,1.0,0.51,0.63,1.0,2,1.0,0.0,0.0
0.6300522336915046,0.0,0.9,0.7150058284471509,0.97,0.96,0.96,1.0,1.0,0.0,0.5955245382180586,0.84,0.99,1.0,1.0,1.0,1.0,0.0,0.22,0.1146844062853488,0.54,0.0,1.0,1.0,0.66,0.0,1.0,2,1.0,0.0,1.0
0.6562125948864851,0.0,1.0,0.0,0.81,1.0,0.97,0.0,1.0,0.0,0.0,0.43,1.0,1.0,0.0,1.0,0.0,0.0,0.83,0.4425372868556955,0.78,0.0,0.023896838332042397,1.0,0.51,0.28,1.0,2,1.0,0.0,1.0
0.6671085531552953,0.0,0.0,0.3279959530972376,0.9,0.98,0.98,0.6,1.0,0.0,0.30118917407683043,0.0,1.0,1.0,0.0,1.0,0.0,0.0,0.96,0.2191880207533076,0.93,0.0,0.40908004200050385,0.0,0.49,0.0,1.0,2,1.0,0.0,0.0
0.3333333333333333,0.0,0.9,1.0,0.97,0.97,0.95,1.0,1.0,0.0,0.07544966242772749,0.87,1.0,1.0,0.0,0.4,0.0,0.0,0.79,0.40113748869986293,1.0,0.0,0.8252411797423138,1.0,0.37,0.0,1.0,2,1.0,0.0,0.0
0.4378712205387807,0.0,1.0,0.6126309079234699,0.83,1.0,1.0,0.4,1.0,0.0,0.36762041935368367,0.56,1.0,1.0,0.0,1.0,1.0,0.0,0.36,0.0,0.44,0.65078394960169,0.6193493735978475,1.0,0.77,0.26,1.0,2,1.0,0.0,1.0
0.3769213037738694,0.0,0.8,0.3443399015908771,0.77,0.67,0.94,1.0,1.0,0.0,0.0,0.35,1.0,1.0,1.0,1.0,0.0,0.0,0.96,0.2561128565602256,0.53,0.26175418204387135,0.41265358431955085,1.0,0.48,0.07,1.0,2,1.0,0.0,0.0
0.4587638863788409,0.0,0.8,0.23901044258010185,1.0,0.6,0.94,0.9,1.0,0.0,0.2919706432716443,0.74,0.94,0.0,0.0,1.0,0.0,0.0,0.23,0.0,0.89,0.0,0.8180192573439636,1.0,0.52,0.43,1.0,2,1.0,0.0,1.0
0.9264604099466343,1.0,0.3,0.685045515626669,1.0,0.0,0.96,1.0,0.8,1.0,0.6889087588614633,0.07,0.99,1.0,0.0,1.0,1.0,0.0,0.13,0.0,0.51,0.2366949594322811,1.0,0.0,0.42,0.2,1.0,2,1.0,0.0,1.0
0.6385286657308277,1.0,0.1,0.5613061578449599,0.99,0.72,0.88,1.0,1.0,0.0,0.7451704147893059,0.0,1.0,1.0,1.0,1.0,0.0,0.0,0.58,0.0,0.0,0.49575733047803616,0.4940924364981111,1.0,0.49,1.0,1.0,2,0.0,0.0,0.0
0.3333333333333333,0.0,0.9,0.2915515153297105,1.0,0.63,1.0,1.0,1.0,1.0,0.08954225217628528,0.0,0.0,1.0,0.0,1.0,0.0,0.0,0.0,0.0,0.7,0.2795923501972103,0.37099187537525635,1.0,0.88,1.0,1.0,2,1.0,0.0,1.0
0.6853421897142391,0.0,0.8,0.6935485371504074,1.0,0.95,0.95,1.0,1.0,0.0,0.0,0.76,1.0,1.0,0.0,0.9,0.0,0.0,0.26,0.6728897510260506,0.64,0.008546273029315352,0.49809821521094755,1.0,0.73,0.0,1.0,2,1.0,0.0,1.0
0.6866248797399112,0.0,1.0,1.0,1.0,1.0,0.97,0.1,1.0,0.0,0.0,0.37,1.0,0.0,0.0,0.4,0.0,0.0,0.72,0.35394652010931,0.81,0.23090208010002414,0.6929498146600819,1.0,0.47,0.07,1.0,2,0.0,0.0,1.0
0.3333333333333333,1.0,0.8,0.32433733376865914,1.0,0.65,0.95,1.0,1.0,1.0,0.53864213519205,0.74,1.0,1.0,0.0,0.9,0.0,0.0,0.69,0.17960213398905372,0.48,0.0,1.0,1.0,0.5,0.86,1.0,2,1.0,0.0,1.0
0.3333333333333333,0.0,0.9,0.5734226034296317,0.98,0.98,1.0,1.0,1.0,1.0,0.7923136623358933,0.18,0.9,0.0,0.0,1.0,1.0,0.0,0.3,0.0,0.0,0.7525124506296103,0.5823106973228526,1.0,0.45,0.21,1.0,2,1.0,0.0,1.0
0.39710398053692714,1.0,0.0,1.0,1.0,1.0,1.0,0.9,1.0,1.0,0.7373962084448524,0.34,1.0,1.0,0.0,0.4,0.0,0.0,0.18,1.0,0.79,0.4533656661141571,1.0,1.0,0.57,0.67,1.0,2,0.0,0.0,0.0
0.45866890850053416,1.0,0.5,0.31358063023439814,0.83,0.99,1.0,0.9,1.0,1.0,0.0,0.43,1.0,1.0,0.0,1.0,0.0,0.0,1.0,0.06858111667558456,0.37,0.0,0.6274335306239162,1.0,0.5,0.97,1.0,2,1.0,0.0,0.0
0.6627874072600775,0.0,0.0,0.6779612019975747,0.79,0.97,0.96,0.5,1.0,0.0,0.3379673625953069,0.92,1.0,1.0,0.0,1.0,0.0,0.0,0.29,0.0,0.04,0.5352087974024216,0.03538962328152373,0.0,0.54,0.76,1.0,2,1.0,1.0,1.0
0.6370814763327629,0.0,0.5,0.3383353028642328,0.93,0.72,0.95,0.6,1.0,0.0,0.5906740500505813,0.15,1.0,1.0,0.0,0.9,0.0,1.0,1.0,0.8961889104420871,0.71,0.0,0.3890652510841798,1.0,0.54,0.28,1.0,2,1.0,0.0,1.0
0.3333333333333333,1.0,1.0,0.0,1.0,0.7,0.99,1.0,0.9,0.0,0.31985241354026867,0.0,0.97,1.0,0.0,1.0,0.0,0.0,1.0,0.0,0.54,0.18495503081334436,0.7959415059475355,1.0,0.52,0.88,1.0,2,1.0,0.0,0.0
1.0,1.0,0.8,0.2538899538048406,1.0,0.67,0.95,1.0,1.0,0.0,0.0,0.0,1.0,1.0,0.0,1.0,0.0,0.0,0.08,0.0,0.2,0.051632308891077505,0.9858307521327979,1.0,0.52,0.51,1.0,2,1.0,0.0,1.0
0.6464150465782571,0.0,0.0,0.2030497224905041,1.0,0.95,0.94,0.6,1.0,1.0,0.34347939238025826,0.0,1.0,1.0,0.0,1.0,0.0,0.0,0.2,0.0,1.0,0.0,0.7598293318586131,1.0,0.44,0.83,1.0,2,1.0,0.0,1.0
0.33719695583599146,1.0,0.8,0.36016576247181986,0.99,0.97,0.94,0.9,1.0,0.0,0.0,0.79,1.0,1.0,1.0,0.5,0.0,0.0,1.0,0.677372873234116,0.8,0.0,0.7866026216069664,0.0,0.53,0.0,1.0,2,1.0,0.0,0.0
0.6358631781445148,0.0,0.9,0.5498447800628057,1.0,0.98,1.0,1.0,1.0,1.0,0.8585260342162734,0.0,0.43,1.0,0.0,0.4,0.0,0.0,0.29,0.30756779309872617,0.17,0.0,0.7432250164831083,0.0,0.48,0.47,1.0,2,1.0,0.0,0.0
0.6702041057217967,0.0,0.9,0.40619600851919857,0.87,0.97,0.98,0.4,1.0,0.0,0.5426329130733292,0.0,0.98,1.0,1.0,0.5,0.0,0.0,0.3,0.5829633832376357,0.99,0.36392939011535413,0.0,1.0,0.52,0.66,1.0,2,1.0,0.0,1.0
0.6378107418293987,0.0,0.5,0.262141308503118,1.0,0.33,1.0,1.0,1.0,0.0,0.0,0.56,0.88,1.0,0.0,1.0,0.0,0.0,0.35,0.0,0.52,0.5925815302232371,0.13452960932536942,1.0,0.14,0.0,1.0,2,1.0,0.0,0.0
0.3333333333333333,0.0,0.5,0.30879821519164696,0.77,0.77,0.95,0.9,1.0,0.0,0.3784802581920861,0.75,1.0,1.0,0.0,1.0,0.0,0.0,0.26,0.3167065627817761,0.0,0.5287611526395076,0.21522327748858933,1.0,0.48,0.16,1.0,2,1.0,0.0,0.0
0.6309784403319817,1.0,0.6,0.6243304300258091,1.0,0.85,0.7,1.0,0.5,0.0,0.15512744360164538,0.45,1.0,1.0,0.0,0.6,0.0,0.0,0.76,0.0,0.86,0.2948431324120329,1.0,1.0,0.46,0.0,1.0,2,1.0,0.0,0.0
0.7269757740350041,1.0,0.0,0.7969070218002533,0.97,0.82,0.94,1.0,1.0,0.0,0.43712619249681345,0.45,1.0,1.0,0.0,0.4,0.0,0.0,0.19,0.015841524301380333,0.83,0.15216502815900976,0.0,1.0,0.43,0.0,1.0,2,0.0,0.0,1.0
0.3333333333333333,1.0,0.8,0.6340835028093234,0.77,1.0,0.99,1.0,1.0,0.0,0.341946656503546,0.38,1.0,0.0,0.0,0.6,0.0,0.0,0.34,0.0,0.0,0.48350241289148477,1.0,0.0,0.73,0.91,1.0,2,1.0,0.0,0.0
0.6220023831245226,0.0,0.9,0.2760899703820362,0.81,0.4,0.99,1.0,1.0,0.0,0.6504148311656845,0.53,1.0,1.0,0.0,1.0,0.0,0.0,0.24,0.07721787058268414,0.39,0.462430226716241,1.0,1.0,0.45,1.0,1.0,2,1.0,0.0,1.0
0.704219906542219,0.0,0.0,0.41904588310559127,0.74,0.98,1.0,0.0,0.6,0.0,0.3618710054768774,0.0,1.0,1.0,0.0,0.6,0.0,0.0,0.38,0.8616455122396602,0.66,0.06972968370658825,0.003556479763973802,0.0,0.52,0.35,1.0,2,1.0,0.0,1.0
0.6802481718791437,1.0,0.8,0.01313048421176948,1.0,0.96,0.97,1.0,1.0,0.0,0.0,0.15,1.0,1.0,1.0,0.5,0.0,1.0,0.14,0.0,1.0,0.312759105583114,1.0,0.0,0.74,0.73,1.0,2,1.0,0.0,1.0
0.639399847600213,0.0,1.0,0.7719001275733567,1.0,0.57,0.95,1.0,1.0,1.0,0.0,0.0,1.0,1.0,0.0,0.5,0.0,0.0,1.0,0.0,0.89,0.31572115312666144,0.8619637791860242,1.0,0.74,0.04,1.0,2,1.0,0.0,0.0
0.6391028698256402,1.0,0.9,0.5227920964780741,0.81,0.76,0.98,1.0,1.0,1.0,0.8968928397514494,0.35,1.0,1.0,0.0,0.7,0.0,0.0,1.0,0.0,0.7,0.0,0.5033826399044774,0.0,0.5,0.88,1.0,2,1.0,0.0,1.0
0.6692004643323382,1.0,0.9,0.0,0.82,0.65,0.99,1.0,1.0,1.0,0.5454536919463244,0.61,1.0,1.0,0.0,1.0,0.0,0.0,0.93,0.0,1.0,0.5718850232708674,0.9123474660895726,1.0,0.44,0.01,1.0,2,0.0,1.0,0.0
0.6726307600910785,1.0,0.9,0.7344528612948013,1.0,0.64,1.0,0.6,1.0,0.0,0.4084632325929995,0.0,1.0,1.0,0.0,0.9,0.0,0.0,0.28,0.3090462590763826,0.34,0.04749446797786612,0.3102411280013099,1.0,0.52,0.0,1.0,2,1.0,0.0,1.0
0.6343330986100215,1.0,1.0,0.5954743409927495,0.96,0.75,0.96,1.0,1.0,0.0,0.3711966118979344,0.41,1.0,1.0,0.0,0.5,0.0,0.0,0.34,0.41664455480261625,0.09,0.6602827644362375,0.063110065293342,1.0,0.49,0.36,1.0,2,1.0,0.0,0.0
0.6475700211168334,1.0,0.6,0.0,0.98,0.94,0.97,1.0,1.0,1.0,0.3089198991594618,0.53,1.0,1.0,1.0,1.0,0.0,0.0,0.2,0.037535266396139744,0.49,0.6346652994932588,1.0,1.0,0.73,0.12,1.0,2,1.0,0.0,1.0
0.6537674614856543,0.0,1.0,0.40474334796783384,0.79,0.94,0.67,1.0,1.0,0.0,0.03942363614699636,0.34,1.0,0.0,0.0,1.0,0.0,0.0,1.0,0.13564336883323397,0.95,0.0,0.45971741845074227,1.0,0.81,0.88,1.0,2,1.0,0.0,1.0
0.6749210656116509,1.0,1.0,0.29146450444487837,1.0,1.0,0.75,1.0,1.0,0.0,0.563193194003582,0.0,0.24,0.0,0.0,0.9,0.0,0.0,0.31,0.05510535217872564,1.0,0.22224357721526383,1.0,1.0,0.48,0.0,1.0,2,1.0,0.0,0.0
1.0,0.0,0.0,0.0,1.0,0.68,0.95,1.0,1.0,0.0,0.4929458742732903,0.0,1.0,0.0,0.0,1.0,0.0,0.0,0.25,0.0,0.0,0.3188823390089807,1.0,1.0,0.5,0.34,1.0,2,1.0,0.0,0.0
0.6895772258329884,1.0,0.0,0.3937812079033859,0.99,0.94,0.94,0.4,1.0,0.0,0.0,0.0,1.0,1.0,0.0,0.3,0.0,0.0,0.0,0.0,0.57,0.7055864286335713,0.05320934516131918,1.0,0.49,0.02,1.0,2,1.0,0.0,1.0
0.6613064420119218,0.0,0.0,0.9795521853302736,1.0,0.95,1.0,1.0,1.0,0.0,0.4688237273495428,0.46,1.0,0.0,0.0,1.0,0.0,0.0,0.29,0.0,0.8,0.0,0.37012770519630833,1.0,0.48,0.15,1.0,2,1.0,0.0,0.0
0.941365826358906,0.0,0.0,0.7616671213988793,0.87,0.97,0.95,0.9,1.0,1.0,0.820414489372552,0.71,1.0,1.0,0.0,1.0,0.0,0.0,0.3,0.5596094437148786,0.81,0.30518008580309447,0.7331598103800687,1.0,0.53,0.69,1.0,2,1.0,0.0,1.0
0.827952556500864,0.0,0.0,0.5312970494205127,0.8,0.97,0.98,0.4,1.0,0.0,0.09398777903562464,0.68,1.0,1.0,0.0,1.0,0.0,0.0,0.71,0.22550713596906374,0.87,0.3020817902193622,0.6926608961484736,1.0,0.48,1.0,1.0,2,0.0,0.0,1.0
0.6672305293008134,1.0,0.0,0.0,0.94,0.8,1.0,0.9,1.0,0.0,0.8595333967156231,0.0,0.9,1.0,0.0,1.0,0.0,0.0,0.19,0.07160570965642565,0.72,0.7348715837021134,0.966212854889845,1.0,0.51,0.71,1.0,2,1.0,0.0,0.0
0.6398135923227738,1.0,0.9,0.19105026373514272,0.25,1.0,1.0,1.0,1.0,0.0,0.16302847749122212,0.0,0.96,1.0,0.0,1.0,0.0,0.0,0.32,0.9095018638168139,0.9,0.4461120820486719,0.9414474801700882,1.0,0.5,0.73,1.0,2,1.0,0.0,1.0
0.6708583314142121,1.0,1.0,0.0,0.98,1.0,0.16,1.0,1.0,0.0,0.2538952288990028,0.75,0.84,0.0,0.0,0.9,0.0,0.0,0.14,0.013464832393071197,0.8,0.26901017783527953,0.8401788739072014,0.0,0.52,0.84,1.0,2,1.0,0.0,1.0
0.8109486175285681,1.0,1.0,0.5156376062164885,0.82,1.0,0.96,0.5,1.0,0.0,0.17507780707362658,0.0,1.0,1.0,0.0,1.0,0.0,0.0,0.22,0.0,0.24,0.0,0.7319489071413718,1.0,0.43,1.0,1.0,2,1.0,0.0,1.0
0.6740362462370206,1.0,0.8,0.7513022984962012,1.0,0.97,0.71,1.0,1.0,0.0,0.0,0.42,1.0,1.0,0.0,1.0,1.0,0.0,0.13,0.46356908931203217,0.89,0.0,0.48800645137580145,0.0,0.48,0.91,1.0,2,1.0,0.0,0.0
0.8097209872193238,1.0,0.0,0.4017478348005561,1.0,1.0,0.97,0.6,1.0,0.0,0.5143584331118582,1.0,1.0,1.0,1.0,1.0,0.0,0.0,0.85,0.0073368153302162675,0.0,0.04921108966552009,1.0,1.0,0.78,0.81,1.0,2,0.0,0.0,1.0
0.6531166885213258,0.0,0.9,0.2816469587062265,0.62,1.0,0.99,1.0,0.7,1.0,0.5345016914999353,0.8,0.29,1.0,0.0,0.4,0.0,0.0,0.28,0.25458893500874724,0.28,0.0,1.0,1.0,0.51,0.53,1.0,2,1.0,0.0,1.0
0.3333333333333333,1.0,0.5,0.3182146207650089,0.99,1.0,1.0,1.0,1.0,0.0,0.11223163922853455,0.42,1.0,1.0,0.0,1.0,1.0,0.0,0.0,0.19314469230504508,0.49,0.3161879784082962,0.6196226486044252,1.0,0.5,0.18,1.0,2,1.0,0.0,0.0
0.6947267693930276,0.0,0.0,0.3992620873580232,0.59,0.82,1.0,0.9,1.0,0.0,0.3249260086708172,0.56,0.92,1.0,0.0,1.0,0.0,0.0,0.25,0.7459593470544666,0.0,0.5982884720270785,0.7290535173013458,1.0,0.55,0.39,1.0,2,1.0,0.0,1.0
0.3333333333333333,0.0,1.0,0.6456320508160053,0.8,0.79,0.97,0.9,1.0,0.0,0.4611412882506626,0.71,1.0,1.0,0.0,0.4,0.0,0.0,0.0,0.0,0.24,0.0,0.19893786388954543,1.0,0.53,0.0,1.0,2,1.0,0.0,1.0
0.6719502971333449,0.0,0.9,0.7216137627157321,1.0,0.2,0.61,1.0,1.0,0.0,0.6204599941307961,0.11,0.98,1.0,0.0,1.0,0.0,0.0,0.29,0.05496106285788557,1.0,0.13568925543207785,0.07763318072968924,0.0,0.54,0.4,1.0,2,1.0,0.0,1.0
0.6602961984360445,1.0,0.0,0.3309574921447358,1.0,0.95,0.94,1.0,1.0,0.0,0.0,0.0,0.89,1.0,0.0,0.3,0.0,0.0,0.24,0.0,1.0,0.11473087101756134,0.9735944546322026,1.0,0.48,0.0,1.0,2,1.0,0.0,0.0
0.713101521552227,1.0,0.0,0.0,1.0,0.84,0.96,0.5,1.0,1.0,0.28061693584374087,0.59,1.0,1.0,0.0,1.0,1.0,0.0,0.12,0.0,0.93,0.0,0.9973551255896915,1.0,0.52,0.17,1.0,2,1.0,0.0,0.0
0.6774532385882004,1.0,0.0,0.7062676379609668,1.0,0.69,1.0,1.0,1.0,0.0,0.24267933216296744,0.47,0.98,1.0,0.0,1.0,0.0,0.0,0.34,0.3395303130752988,0.49,0.017372941246586525,0.42458944239222507,1.0,0.46,0.36,1.0,2,1.0,0.0,1.0
0.6726851455679853,0.0,0.4,0.6870003466978525,0.95,0.95,0.96,1.0,1.0,1.0,0.8015131131714675,0.0,0.97,1.0,0.0,1.0,0.0,0.0,0.28,0.3792892231077538,0.13,0.597979898745709,0.9562165439261449,1.0,0.44,0.02,1.0,2,1.0,0.0,1.0
0.35812977212211783,1.0,0.0,0.6648419633142171,0.73,0.96,0.95,1.0,0.6,0.0,0.4117074253249914,0.4,1.0,1.0,0.0,1.0,0.0,0.0,0.17,0.0,0.33,0.549225389533707,0.42508995856603304,1.0,0.51,0.58,1.0,2,0.0,0.0,1.0
0.6527331998700227,1.0,0.8,0.6609683784527002,1.0,1.0,0.98,0.5,1.0,0.0,0.017128006021586865,0.2,1.0,1.0,0.0,0.5,0.0,1.0,0.35,0.0,1.0,0.0,0.48585932094476736,0.0,0.49,0.69,1.0,2,1.0,0.0,1.0
0.6336691513300864,0.0,0.0,0.0,0.97,1.0,0.98,0.6,1.0,0.0,0.6412917624625917,0.43,0.98,1.0,0.0,1.0,0.0,0.0,0.15,0.2873928934164151,0.82,0.0,0.6106881057533657,1.0,0.5,0.53,1.0,2,1.0,0.0,1.0
0.6567207601617485,0.0,0.0,0.3658630623225534,0.97,0.79,0.99,0.4,1.0,1.0,0.0,0.74,1.0,0.0,0.0,0.5,0.0,0.0,0.25,0.08095907501567251,1.0,0.0,0.6169660860767969,1.0,0.89,0.25,1.0,2,1.0,0.0,1.0
0.44518910796430045,0.0,0.4,0.6407862093874733,1.0,0.79,0.99,0.3,1.0,1.0,0.0,0.0,0.96,0.0,0.0,0.6,0.0,0.0,0.24,0.35375298385866016,0.3,0.573286244207862,0.1328497773108229,1.0,0.49,0.38,1.0,2,1.0,0.0,1.0
0.8550162759442594,1.0,1.0,0.25791541666301343,0.54,1.0,0.97,1.0,1.0,1.0,0.6455287846399691,0.68,1.0,1.0,0.0,1.0,0.0,0.0,0.07,0.0,0.61,0.6268797557336615,0.5453238224029399,1.0,0.53,0.0,1.0,2,0.0,0.0,1.0
0.677381117418191,0.0,0.3,0.36528528727568943,1.0,0.77,0.96,0.6,1.0,0.0,0.3227640453281723,0.0,0.24,1.0,0.0,0.6,0.0,0.0,0.14,0.0,0.83,0.0,1.0,1.0,0.52,1.0,1.0,2,1.0,0.0,0.0
0.3333333333333333,1.0,1.0,0.24745603004544148,0.96,1.0,0.97,0.6,1.0,0.0,0.35195067686235554,0.4,0.99,1.0,1.0,1.0,1.0,0.0,0.0,0.5112122155834702,0.48,0.0,0.6993752503044718,0.0,0.57,0.12,1.0,2,1.0,0.0,1.0
0.3333333333333333,0.0,0.0,0.20044750770948475,0.75,1.0,0.96,0.1,1.0,0.0,0.6284502289786518,0.86,1.0,1.0,0.0,0.9,0.0,0.0,1.0,0.0,0.66,0.6181732720281262,1.0,1.0,0.44,0.72,1.0,2,1.0,0.0,1.0
0.42496610297759757,0.0,0.9,0.7398060123935299,1.0,0.96,1.0,0.9,1.0,0.0,0.0,0.2,0.96,1.0,0.0,1.0,0.0,0.0,0.38,0.0,0.84,0.5521160976142155,0.7749077216194354,1.0,0.47,0.6,1.0,2,1.0,0.0,1.0
0.5278403751431637,1.0,0.0,0.0,1.0,0.99,0.56,1.0,1.0,0.0,0.0,0.38,1.0,1.0,0.0,1.0,0.0,0.0,0.08,0.536526348844095,0.82,0.0,0.47967338989048347,1.0,0.52,0.13,1.0,2,1.0,0.0,0.0
0.6842006160765501,1.0,0.0,1.0,1.0,0.66,0.96,1.0,1.0,0.0,0.0,0.0,1.0,1.0,0.0,0.6,0.0,0.0,0.32,0.45211403380828785,0.64,0.2672013342056377,1.0,1.0,0.55,0.64,1.0,2,1.0,0.0,0.0
0.6593584293953167,1.0,0.9,0.2688886737533511,0.92,0.97,0.96,1.0,1.0,0.0,0.0,1.0,1.0,1.0,0.0,1.0,0.0,0.0,0.34,0.0,0.78,0.5789988721964888,0.7925434510028583,1.0,0.47,1.0,1.0,2,1.0,0.0,1.0
0.4651879974393003,1.0,0.0,0.3265931603477213,0.99,0.97,0.94,1.0,1.0,0.0,0.0,0.26,1.0,1.0,0.0,0.3,0.0,0.0,0.34,0.07616404305309243,1.0,0.0,0.6227561357893261,1.0,0.43,0.66,1.0,2,1.0,0.0,0.0
0.6578363736001342,1.0,0.8,0.0,1.0,0.64,0.96,1.0,1.0,0.0,0.28395483228866464,0.0,1.0,0.0,1.0,1.0,0.0,0.0,0.36,0.31151051963014376,0.97,0.0,0.8384295075435872,1.0,0.47,0.67,1.0,2,1.0,0.0,0.0
0.6854466270318849,1.0,0.0,0.3674950979191263,1.0,0.99,1.0,1.0,1.0,1.0,0.6703052245309419,0.0,1.0,1.0,0.0,1.0,0.0,0.0,0.25,0.0,0.0,0.0,0.7418735907335594,1.0,0.51,0.85,1.0,2,1.0,0.0,0.0
0.44280082908411217,1.0,0.4,0.54947446306794,0.74,0.93,0.99,0.5,1.0,0.0,0.3073418462677482,0.41,0.92,1.0,0.0,1.0,0.0,0.0,0.29,0.6002807553170386,1.0,0.4986199579296686,0.0,1.0,0.6,0.29,1.0,2,1.0,0.0,1.0
0.3446118571065339,0.0,0.8,0.0,0.88,0.73,0.96,0.9,0.6,1.0,0.0,0.2,1.0,1.0,1.0,1.0,0.0,0.0,0.35,0.6136277007817903,0.92,0.7637807173991267,0.5765471823060478,1.0,0.45,0.95,1.0,2,1.0,0.0,0.0
0.8140192964145836,1.0,0.8,0.3505935963708815,0.97,0.94,0.99,0.6,1.0,0.0,0.2948442388335001,0.85,1.0,0.0,0.0,0.3,0.0,1.0,0.0,0.3233696533555869,0.65,0.5187634874848511,1.0,1.0,0.49,0.0,1.0,2,1.0,0.0,1.0
0.3333333333333333,0.0,1.0,0.6701661045928149,1.0,0.96,0.95,0.6,1.0,0.0,0.6362755546785971,0.68,1.0,1.0,0.0,1.0,0.0,0.0,0.28,0.19211451796019643,0.55,0.8857805836679693,0.6794586677858545,1.0,0.8,0.93,1.0,2,1.0,0.0,1.0
0.67438813317795,0.0,1.0,0.31355513193062107,1.0,0.95,0.67,0.5,1.0,0.0,0.5733333507660638,0.71,1.0,1.0,0.0,0.9,1.0,0.0,0.79,0.62641189932799,0.25,0.6179231287759454,1.0,1.0,0.03,0.19,1.0,2,0.0,0.0,1.0
1.0,1.0,0.9,0.23077204715771873,1.0,0.99,0.97,1.0,1.0,0.0,0.32111392772696573,0.0,1.0,1.0,1.0,1.0,0.0,0.0,0.16,0.14722231546385306,0.71,0.0,0.8010377895732158,0.0,0.51,0.26,1.0,2,1.0,0.0,0.0
0.6598252790796691,0.0,0.9,0.701269236806449,0.82,0.69,0.98,1.0,1.0,0.0,0.3340180731496374,0.76,1.0,1.0,0.0,1.0,0.0,1.0,0.0,0.38606535466620245,0.52,0.3564948302160377,0.06969651234486877,1.0,0.45,0.37,1.0,2,0.0,1.0,1.0
0.9218021669525771,1.0,0.9,0.0,1.0,1.0,0.96,1.0,1.0,1.0,0.03958959349939132,0.05,0.39,1.0,0.0,1.0,0.0,0.0,0.31,0.9981371626560661,0.81,0.4718787595728774,0.8595284767288236,1.0,0.53,0.98,1.0,2,1.0,0.0,0.0
0.3333333333333333,1.0,0.1,0.34392103465589774,1.0,0.76,0.97,0.4,1.0,1.0,0.6813786265527138,0.95,1.0,1.0,1.0,0.4,0.0,1.0,0.09,0.0,0.94,0.2707548079599524,0.766785651434813,0.0,0.0,0.6,1.0,2,1.0,0.0,0.0
0.9894256285312966,1.0,0.9,0.2804157981766338,0.79,0.69,1.0,1.0,1.0,0.0,0.5034017504414634,0.98,1.0,1.0,1.0,1.0,0.0,0.0,0.27,0.0,0.77,0.0,0.6602876290364305,1.0,0.54,0.19,1.0,2,0.0,0.0,1.0
0.6634502861595861,1.0,0.8,0.60131677550761,0.82,0.95,0.94,0.3,1.0,0.0,0.0,0.36,1.0,1.0,1.0,0.4,0.0,0.0,0.0,0.3004388179646734,1.0,0.5530670020432297,0.06851430752175774,1.0,0.52,0.47,1.0,2,1.0,0.0,1.0
0.8589192080988607,0.0,0.6,1.0,1.0,0.76,0.96,1.0,1.0,0.0,0.2801051494888357,0.38,1.0,0.0,0.0,1.0,0.0,0.0,0.3,0.0,0.74,0.24235813800260425,1.0,1.0,0.38,0.15,1.0,2,1.0,0.0,1.0
0.3333333333333333,1.0,0.0,0.35399798886378014,0.76,1.0,1.0,1.0,1.0,0.0,0.26434131327776433,0.64,0.42,1.0,0.0,0.4,0.0,0.0,0.09,0.40281223112535575,0.0,0.0,0.6783705082098391,1.0,0.49,0.83,1.0,2,1.0,1.0,0.0
0.6259033955460028,0.0,0.9,0.5931917480065054,0.99,0.67,0.96,0.9,1.0,0.0,0.28531214034670854,0.03,1.0,1.0,0.0,1.0,0.0,0.0,0.14,0.0,0.03,0.26370696929867254,0.9458896459369301,1.0,0.54,0.19,1.0,2,1.0,0.0,1.0
0.3642505913252882,1.0,0.0,0.3521462869438814,1.0,1.0,1.0,1.0,1.0,0.0,0.0,0.0,1.0,1.0,0.0,1.0,0.0,0.0,0.3,0.22555591566983524,0.12,0.3846814686014,0.707629041999762,1.0,0.12,0.6,1.0,2,1.0,0.0,1.0
0.6918960256086565,1.0,0.0,0.21407338490921674,1.0,0.69,0.94,1.0,0.9,0.0,0.0,0.0,1.0,0.0,1.0,0.9,0.0,0.0,1.0,0.5487997270706484,0.29,0.0,0.8589268781339252,1.0,0.43,0.0,1.0,2,1.0,0.0,1.0
0.6852896142221341,1.0,0.4,0.0,0.96,0.66,1.0,1.0,1.0,0.0,0.0,0.38,0.97,0.0,1.0,0.9,0.0,0.0,0.63,0.5896901308364066,0.92,0.0,1.0,1.0,0.47,0.87,1.0,2,1.0,1.0,1.0
0.3333333333333333,1.0,0.9,0.6888488498168822,1.0,0.77,0.96,0.3,1.0,0.0,0.32286646673660907,0.04,1.0,1.0,0.0,0.9,0.0,0.0,0.15,0.2209911459162902,0.71,0.0,1.0,0.0,0.45,0.6,1.0,2,1.0,0.0,1.0
0.4666102313013776,0.0,1.0,0.7439241707679324,0.81,0.7,0.94,0.0,1.0,0.0,0.277596940600578,0.6,1.0,1.0,1.0,0.5,0.0,0.0,0.32,0.31038921537978437,0.86,0.38016825649199315,0.16999638896632763,1.0,0.49,0.27,1.0,2,0.0,0.0,0.0
0.6964278976935034,0.0,0.9,0.5230311979615088,1.0,1.0,1.0,1.0,1.0,1.0,0.3144124985191739,0.0,1.0,1.0,0.0,1.0,1.0,0.0,0.3,0.7211918525154671,0.09,0.26694042251368416,0.3023673799055702,1.0,0.49,1.0,1.0,2,1.0,0.0,0.0
0.3333333333333333,1.0,0.9,0.0,1.0,0.99,1.0,1.0,1.0,0.0,0.8565240805406792,0.46,0.94,1.0,0.0,1.0,0.0,0.0,0.85,0.0,0.7,0.19656119556382964,0.3528873668024059,0.0,0.54,0.82,1.0,2,1.0,0.0,1.0
0.6478067379965147,0.0,0.2,0.24742240043129932,0.99,0.95,0.96,0.6,1.0,0.0,0.4792692720124361,0.79,1.0,1.0,0.0,0.9,0.0,0.0,0.27,0.05737578699652396,0.05,0.0,0.7740879530404899,0.0,0.48,0.15,1.0,2,1.0,1.0,0.0
0.350189076917472,1.0,0.9,0.23439470229671822,0.74,0.7,0.99,1.0,1.0,0.0,0.0,0.87,0.48,1.0,0.0,0.3,1.0,0.0,0.0,0.11189575263494395,1.0,0.7006203107947336,0.0,1.0,0.49,0.0,1.0,2,1.0,0.0,1.0
0.3333333333333333,0.0,0.4,0.25402493648886393,1.0,0.11,0.95,1.0,1.0,0.0,0.34517914015552476,0.86,1.0,1.0,0.0,0.3,0.0,0.0,0.04,0.2818949373391545,0.93,0.704445089965822,0.9594881176065172,1.0,0.01,0.67,1.0,2,1.0,1.0,1.0
0.3333333333333333,1.0,0.8,0.3221275817644797,1.0,1.0,1.0,0.6,1.0,0.0,0.2813204321079222,0.0,1.0,1.0,0.0,1.0,0.0,1.0,0.22,0.0,1.0,0.23980135106089562,0.721774047875711,1.0,0.69,1.0,1.0,2,1.0,0.0,1.0
0.3333333333333333,0.0,1.0,0.5539808928303809,1.0,0.99,0.98,1.0,1.0,0.0,0.3234388528066099,0.69,1.0,1.0,0.0,0.6,0.0,0.0,1.0,0.1118468416000612,0.0,0.0,0.7791624238684316,1.0,0.45,1.0,1.0,2,1.0,0.0,1.0
0.4328354415695167,1.0,0.0,0.6578465379223618,1.0,1.0,0.97,0.4,1.0,0.0,0.0,0.03,0.94,1.0,0.0,1.0,0.0,0.0,0.37,0.07565383714165921,0.42,0.3937490871177136,0.47076082321259616,1.0,0.53,1.0,1.0,2,1.0,1.0,1.0
0.3333333333333333,1.0,0.5,0.41309297717497684,0.95,0.98,0.96,1.0,1.0,0.0,0.0,0.01,0.99,1.0,0.0,0.4,0.0,0.0,0.32,0.17000681355736413,0.68,0.015825270891161577,1.0,0.0,0.55,0.0,1.0,2,1.0,0.0,1.0
0.6489098507095502,1.0,1.0,0.2599413003888833,1.0,0.99,0.99,1.0,1.0,1.0,1.0,0.0,1.0,1.0,0.0,0.5,0.0,0.0,0.2,0.7297359858981846,0.93,0.46753501947337495,1.0,0.0,0.84,0.14,1.0,2,1.0,0.0,1.0
0.6696464304066526,1.0,0.5,0.5759108492209062,0.74,1.0,0.98,1.0,1.0,1.0,0.3686255958123092,0.35,1.0,1.0,0.0,0.5,0.0,0.0,0.29,0.07661696865202514,0.83,0.0,0.8252387415002791,1.0,0.01,0.35,1.0,2,1.0,0.0,0.0
0.4491169241413071,1.0,0.9,0.573988707641313,0.97,0.09,0.96,1.0,1.0,1.0,0.6408439986829719,0.77,0.87,0.0,0.0,0.5,1.0,0.0,0.28,0.8162895990770882,0.83,0.5637124753896201,0.44539527753359787,0.0,0.51,0.0,1.0,2,1.0,0.0,1.0
0.6713409709574427,1.0,0.6,0.28578398275168,1.0,0.97,0.66,0.0,1.0,1.0,0.6560337781293948,0.34,1.0,1.0,0.0,0.6,0.0,0.0,0.31,0.0,0.48,0.0,0.7402158570656678,1.0,0.55,0.57,1.0,2,0.0,0.0,1.0
0.3721040208910667,0.0,0.9,0.6935290599301034,0.54,1.0,0.97,0.4,0.4,0.0,0.6595926870026698,0.57,1.0,0.0,0.0,1.0,0.0,0.0,1.0,0.053546143407264324,0.67,0.06585669167467846,0.0,0.0,0.51,0.55,1.0,2,1.0,0.0,1.0
0.4104648900432955,1.0,1.0,0.0,1.0,0.97,0.99,1.0,1.0,1.0,0.5518633868168212,0.76,0.0,1.0,0.0,1.0,0.0,0.0,0.33,0.3273754677417695,0.55,0.0,0.70347956795562,1.0,0.6,0.62,1.0,2,1.0,0.0,1.0
0.6772387779321112,0.0,0.4,0.7943292339128818,0.89,0.69,0.96,0.4,0.9,0.0,0.0,0.67,1.0,1.0,0.0,1.0,0.0,0.0,0.19,0.0,0.67,0.07519233409995611,0.5690070768475928,0.0,0.28,0.0,1.0,2,1.0,0.0,1.0
0.640430739723167,0.0,0.0,0.9288495576406058,1.0,0.97,0.99,1.0,1.0,0.0,0.0,0.16,0.0,1.0,0.0,1.0,0.0,0.0,0.0,0.36939332131005864,1.0,0.29273988802754847,1.0,0.0,0.45,0.11,1.0,2,0.0,0.0,0.0
0.636127404326949,0.0,0.5,0.5915931433827327,1.0,1.0,1.0,1.0,0.8,0.0,0.5782056574011671,0.39,1.0,1.0,0.0,1.0,1.0,0.0,0.19,0.8021043396763317,0.88,0.0,0.6933997512139675,1.0,0.01,0.83,1.0,2,1.0,0.0,1.0
0.43558219281377525,0.0,0.8,0.3807319549550906,0.84,1.0,1.0,1.0,1.0,1.0,0.48156713517627636,0.38,0.0,1.0,0.0,1.0,0.0,0.0,0.71,0.5355711440636772,0.66,0.0,0.6722350182993962,1.0,0.48,0.26,1.0,2,1.0,0.0,1.0
0.37040992790141514,1.0,0.0,0.34423161076384995,0.79,0.98,1.0,0.9,1.0,0.0,0.2849420061439816,0.38,1.0,1.0,0.0,1.0,1.0,0.0,0.36,0.22784935207681595,0.57,0.08928351878502516,0.1955259951433262,1.0,0.0,0.11,1.0,2,1.0,0.0,1.0
0.6657627014710863,1.0,0.4,0.6155471213884198,1.0,0.98,0.98,1.0,1.0,0.0,0.0,0.0,0.92,1.0,0.0,0.6,0.0,0.0,0.35,0.5861068749152314,0.9,0.6319172511089722,0.8393954306193115,1.0,0.78,0.47,1.0,2,1.0,0.0,1.0
0.34924820933891176,0.0,0.4,0.2642097692164945,1.0,1.0,0.95,0.6,1.0,1.0,0.2941133670743348,0.62,1.0,1.0,0.0,1.0,0.0,0.0,0.22,0.34044022696491916,0.73,0.7205541166341896,0.9624315452030205,0.0,0.46,0.68,1.0,2,1.0,0.0,0.0
0.3333333333333333,0.0,0.9,0.6072576669147747,1.0,0.77,0.64,1.0,1.0,0.0,0.2771887650815289,0.05,1.0,1.0,0.0,0.5,0.0,0.0,0.34,0.0,0.98,0.04602517788841146,0.4746469417206801,1.0,0.0,0.0,1.0,2,1.0,0.0,1.0
1.0,1.0,0.5,0.366757723916626,1.0,0.97,0.6,0.5,1.0,1.0,0.0,0.0,1.0,1.0,1.0,0.6,0.0,0.0,0.34,0.0,0.54,0.42613869822802747,0.6989008015164259,0.0,0.69,0.39,1.0,2,1.0,0.0,1.0
0.3333333333333333,0.0,0.9,0.6689466306230349,0.82,1.0,0.96,1.0,1.0,0.0,0.0,1.0,1.0,1.0,1.0,1.0,0.0,0.0,0.26,0.0,0.43,0.5165111554764668,0.7348513558425974,0.0,0.48,0.52,1.0,2,0.0,0.0,0.0
0.4684214391988492,1.0,0.8,0.2988402186582155,1.0,0.95,1.0,1.0,1.0,0.0,0.0,0.03,1.0,1.0,0.0,0.9,0.0,0.0,0.91,0.4604792277941956,0.0,0.664545908798001,0.0,1.0,0.45,0.82,1.0,2,1.0,0.0,0.0
0.3333333333333333,1.0,0.4,0.25343429256829414,0.69,1.0,1.0,0.9,1.0,0.0,0.25692558971997126,0.7,1.0,1.0,0.0,1.0,0.0,0.0,0.3,0.0,0.09,0.0,0.2741097875454444,1.0,0.45,0.8,1.0,2,1.0,0.0,1.0
0.629792748844604,1.0,0.4,0.7123973649302378,1.0,0.67,0.97,1.0,1.0,1.0,0.7752900652389001,0.0,1.0,1.0,0.0,0.5,0.0,0.0,0.18,0.0,0.86,0.29337826695629654,0.4348784263776538,1.0,0.6,0.22,1.0,2,1.0,0.0,1.0
0.3333333333333333,0.0,0.9,0.5709860444538419,0.95,1.0,1.0,1.0,1.0,0.0,0.0,0.01,0.95,1.0,0.0,1.0,1.0,0.0,0.32,0.12867292517078072,0.7,0.2005902661192046,1.0,0.0,0.42,0.44,1.0,2,1.0,0.0,0.0
0.4712739904281779,1.0,0.0,0.4153769909120999,1.0,0.99,0.96,0.4,1.0,0.0,0.0,0.57,1.0,1.0,0.0,0.3,0.0,0.0,0.22,0.6653231133117959,0.75,0.07563334943171626,0.9305117357174983,0.0,0.5,0.55,1.0,2,1.0,0.0,0.0
0.6316151634675103,1.0,0.8,0.5966066435245577,0.98,0.7,0.97,0.7,1.0,0.0,0.0,0.9,0.99,1.0,0.0,1.0,0.0,0.0,1.0,0.4790185361751571,0.23,0.0,0.47049339272153123,0.0,0.69,0.62,1.0,2,1.0,1.0,1.0
1.0,1.0,1.0,0.24593165368222697,1.0,0.75,0.97,1.0,0.3,0.0,0.0766939578236471,0.59,1.0,1.0,0.0,1.0,0.0,0.0,0.65,0.642871550744053,0.75,0.03869003270654798,0.5299025209914991,1.0,0.6,0.03,1.0,2,1.0,1.0,1.0
0.6607429899281672,0.0,1.0,0.2207317455398647,1.0,0.97,0.98,0.9,1.0,1.0,0.04448781982868958,0.36,0.93,0.0,0.0,1.0,0.0,0.0,0.29,0.019752447829538833,0.23,0.0,0.13899781904835334,1.0,0.49,0.61,1.0,2,0.0,1.0,1.0
1.0,1.0,0.0,0.7017403004924861,0.71,0.96,1.0,0.5,1.0,0.0,0.050714777107625945,0.77,0.91,1.0,0.0,1.0,0.0,0.0,0.33,0.051084591602570756,1.0,0.0,0.7531220516146913,1.0,0.53,0.35,1.0,2,1.0,0.0,0.0
0.8308202551958996,0.0,0.9,0.6503512929421307,0.8,0.84,0.97,0.6,1.0,0.0,0.3997354347683686,0.73,1.0,1.0,0.0,0.6,0.0,0.0,0.31,0.3337259256418676,0.07,0.13515983072519738,0.0,1.0,0.33,0.7,1.0,2,1.0,0.0,1.0
0.40908575938884095,1.0,0.0,0.0,0.56,1.0,0.96,0.6,1.0,0.0,0.36666851091845765,0.0,1.0,1.0,0.0,1.0,0.0,0.0,0.21,0.0,0.92,0.2258520780207598,0.6892536579730174,1.0,0.46,0.79,1.0,2,1.0,1.0,1.0
0.640104543237159,0.0,0.9,0.2712731511982842,0.69,0.82,1.0,0.5,1.0,0.0,0.0,0.79,1.0,1.0,0.0,0.9,0.0,0.0,0.83,0.0,0.9,0.3975297663842754,0.7816968349214213,1.0,0.57,0.0,1.0,2,1.0,0.0,1.0
0.6843454210262795,1.0,0.4,0.4260462278856324,0.83,0.74,0.78,0.9,1.0,0.0,0.2945436513512642,0.0,0.12,0.0,0.0,0.5,0.0,0.0,0.33,0.1332223184315021,0.59,0.14731372298178685,0.7118704731381766,1.0,0.55,0.15,1.0,2,1.0,0.0,1.0
0.6518214253246695,0.0,1.0,0.5163535748455541,1.0,0.78,1.0,1.0,1.0,1.0,0.475842040694454,0.0,1.0,0.0,0.0,1.0,0.0,0.0,1.0,0.523546399635026,0.73,0.0,1.0,0.0,0.73,1.0,1.0,2,1.0,0.0,1.0
0.3333333333333333,0.0,0.0,0.7075313368206861,0.73,0.98,0.95,1.0,1.0,0.0,0.6931538215950169,0.0,1.0,1.0,0.0,0.9,0.0,0.0,0.0,0.0,0.82,0.0,0.4587017071456443,0.0,0.51,0.39,1.0,2,1.0,0.0,1.0
0.6798847337130879,0.0,0.8,0.657011414959161,0.85,0.99,1.0,0.2,1.0,0.0,0.3922347947755158,0.0,1.0,1.0,0.0,0.6,0.0,0.0,0.34,0.0,0.18,0.26658839895548714,0.4535937538376949,1.0,0.54,0.56,1.0,2,1.0,0.0,1.0
0.6354807021906907,0.0,0.0,0.6888880619552883,1.0,0.95,0.97,1.0,1.0,0.0,0.0,0.0,0.28,0.0,0.0,1.0,0.0,0.0,0.31,0.0,0.88,0.2700699153716767,0.8776687416029316,0.0,0.44,0.68,1.0,2,1.0,0.0,0.0
0.6901988168003154,1.0,0.8,0.17836771670220963,1.0,0.74,0.97,1.0,1.0,0.0,0.1310391256866153,0.9,0.98,1.0,0.0,0.4,0.0,0.0,0.12,0.3445708323716452,0.35,0.25663091027594076,0.0,1.0,0.45,0.0,1.0,2,1.0,0.0,1.0
1.0,1.0,1.0,0.6120148892260574,0.8,1.0,1.0,1.0,1.0,0.0,0.32058732528044037,0.49,1.0,1.0,0.0,0.6,0.0,0.0,0.28,0.24248381857194395,0.88,0.0,0.9265567521625264,1.0,0.57,0.03,1.0,2,1.0,0.0,1.0
0.6327414002103491,1.0,1.0,0.4025369530611429,0.83,0.63,0.98,1.0,1.0,0.0,0.32352395455686833,0.0,1.0,1.0,0.0,0.5,0.0,0.0,1.0,0.0,0.93,0.0,1.0,1.0,0.46,0.35,1.0,2,1.0,0.0,1.0
0.646548494518815,0.0,0.4,0.2524587014690464,1.0,0.97,0.96,1.0,1.0,0.0,0.291766075329581,0.75,1.0,0.0,0.0,1.0,0.0,1.0,1.0,0.0,0.51,0.5599790321409501,0.6483090167296299,1.0,0.71,0.03,1.0,2,1.0,0.0,1.0
0.6603423821423485,1.0,0.4,0.3418175003366647,0.36,0.95,0.97,0.9,1.0,0.0,0.058027331011488006,0.4,1.0,0.0,0.0,1.0,0.0,0.0,0.95,0.3168009812988526,0.21,0.0,0.7627987644868507,1.0,0.51,0.57,1.0,2,1.0,0.0,1.0
1.0,0.0,0.0,0.8872034372046874,0.99,0.57,0.99,0.4,1.0,1.0,0.2627195383236516,0.71,0.94,0.0,0.0,1.0,0.0,0.0,0.29,0.061174182505103175,0.0,0.7851003422228997,1.0,1.0,0.73,0.49,1.0,2,1.0,0.0,0.0
1.0,1.0,1.0,0.2907441700332693,1.0,0.77,0.95,1.0,1.0,0.0,0.0,0.98,1.0,0.0,0.0,0.4,0.0,0.0,0.39,0.0867152181916136,1.0,0.0,0.0,1.0,0.51,0.67,1.0,2,1.0,0.0,0.0
0.3796127769403963,1.0,1.0,0.5946833870075529,0.71,1.0,1.0,0.9,1.0,0.0,0.3281249105109173,0.0,0.92,1.0,0.0,0.5,0.0,0.0,0.38,0.0,0.53,0.0,1.0,0.0,0.48,0.35,1.0,2,1.0,0.0,1.0
0.6730778089964112,0.0,0.5,0.37214759280041315,1.0,0.96,1.0,0.4,1.0,1.0,0.31336980334571723,0.0,1.0,1.0,0.0,1.0,0.0,0.0,1.0,0.48134785959820414,0.54,0.06249958154428905,0.04990284758700946,1.0,0.51,0.63,1.0,2,1.0,0.0,1.0
0.6755815478323274,0.0,1.0,0.26736221080989275,1.0,0.97,1.0,0.6,0.8,1.0,0.2665196384586471,0.71,1.0,1.0,0.0,1.0,0.0,0.0,0.1,0.573983390468887,1.0,0.0,0.7035331942295092,1.0,0.42,0.0,1.0,2,1.0,0.0,1.0
0.6497731884123131,0.0,0.9,0.2088966917159474,0.87,0.43,0.73,0.6,1.0,1.0,0.3047647218530079,0.78,0.98,0.0,1.0,0.5,0.0,0.0,0.42,0.3628237462626209,0.69,0.6849090962620594,0.6740483018379031,0.0,0.55,0.0,1.0,2,1.0,0.0,1.0
0.6557654827838971,0.0,0.0,1.0,0.8,0.79,0.99,0.7,1.0,1.0,0.12294968773913448,1.0,1.0,0.0,0.0,0.9,0.0,0.0,0.0,0.4763228014964354,1.0,0.4672892589825331,0.4083985004662214,1.0,0.53,0.0,1.0,2,1.0,0.0,1.0
0.6498435793647879,0.0,0.9,0.7285214873129806,0.98,0.75,0.99,1.0,1.0,0.0,0.3738674414748158,1.0,0.99,0.0,0.0,1.0,0.0,0.0,0.27,0.17774445799562105,0.72,0.04398736302955529,0.28286865216126983,0.0,0.53,1.0,1.0,2,1.0,0.0,1.0
0.3333333333333333,1.0,0.8,0.43642470210114603,1.0,0.95,0.97,1.0,1.0,1.0,0.654096310021274,0.0,1.0,0.0,0.0,0.5,0.0,1.0,0.16,0.7337413833594727,1.0,0.0,0.6684948631961689,1.0,0.54,1.0,1.0,2,0.0,0.0,0.0
0.37408570342998165,0.0,0.4,0.3535841018487826,0.98,0.94,0.99,0.9,1.0,0.0,0.0,0.0,1.0,1.0,0.0,0.9,0.0,0.0,0.58,0.04076014345391507,0.86,0.13326532461149593,0.9074369369325164,1.0,0.36,0.66,1.0,2,1.0,0.0,1.0
0.4458126756392178,0.0,0.8,0.0,1.0,0.69,0.75,0.5,1.0,0.0,0.0,0.37,1.0,1.0,0.0,1.0,0.0,0.0,0.25,0.05056502437819804,0.52,0.13653190539247315,1.0,1.0,0.54,0.98,1.0,2,1.0,0.0,1.0
0.6583945718340298,0.0,0.0,0.3388172074590799,0.69,0.66,0.94,0.6,1.0,1.0,0.3648157257442457,0.0,1.0,1.0,0.0,0.9,0.0,0.0,0.19,0.1426649792110954,0.96,0.3158968114878293,0.2754442231768898,1.0,0.49,0.33,1.0,2,1.0,0.0,0.0
0.3333333333333333,0.0,0.9,0.6084068833928054,1.0,1.0,0.94,0.9,1.0,0.0,0.5792296458664271,0.0,1.0,1.0,0.0,1.0,1.0,0.0,0.22,0.19985793503085547,0.42,0.4918962969591604,0.4240791963887004,1.0,0.48,0.05,1.0,2,1.0,0.0,1.0
0.6508797677260038,1.0,0.0,0.2555575565543536,0.74,1.0,0.95,0.5,1.0,1.0,0.38180505227105804,0.0,1.0,1.0,0.0,0.6,0.0,0.0,0.37,0.09654768650498782,0.33,0.2750641763266712,0.9256652753463415,1.0,0.47,0.61,1.0,2,1.0,0.0,0.0
0.6856811566699791,0.0,0.9,0.564888272938221,1.0,0.95,0.95,1.0,1.0,0.0,0.5660137204890379,0.23,1.0,1.0,0.0,1.0,0.0,0.0,0.35,0.09749260947144384,0.63,0.20104349988806622,0.17417452130457226,1.0,0.45,1.0,1.0,2,1.0,0.0,1.0
0.3333333333333333,0.0,0.8,0.6177975015938623,1.0,0.68,1.0,1.0,1.0,0.0,0.0,0.55,1.0,1.0,0.0,1.0,0.0,0.0,0.32,0.0,0.41,0.29768744715510687,0.7243544002888747,1.0,0.46,0.48,1.0,2,1.0,0.0,0.0
0.42456412686648193,0.0,0.0,0.605544954757875,1.0,1.0,0.95,1.0,1.0,0.0,0.06769020137371234,0.73,1.0,1.0,0.0,1.0,0.0,0.0,0.15,0.0,0.76,0.6430299406641184,0.48141398429075294,1.0,0.55,0.0,1.0,2,1.0,0.0,0.0
0.3333333333333333,0.0,1.0,0.2272602741780489,1.0,1.0,1.0,1.0,1.0,1.0,0.5351548356397022,0.0,1.0,1.0,0.0,0.5,0.0,0.0,1.0,0.3349726643272759,0.69,0.7092020112246739,0.8326667338145511,1.0,0.57,1.0,1.0,2,1.0,0.0,1.0
0.3333333333333333,1.0,0.9,0.24724924847728702,1.0,0.82,0.99,1.0,1.0,0.0,0.0,0.96,1.0,1.0,1.0,0.9,0.0,0.0,0.21,0.0,0.01,0.05051659941549524,0.6520821182020807,1.0,0.41,0.96,1.0,2,1.0,0.0,1.0
0.687403363567146,1.0,0.9,0.5448475359188095,1.0,0.97,0.95,1.0,1.0,0.0,0.28875315217412684,0.55,1.0,1.0,0.0,1.0,0.0,0.0,0.31,0.0,0.75,0.0,0.8003170275214795,0.0,0.47,1.0,1.0,2,1.0,0.0,1.0
0.3333333333333333,1.0,0.1,0.5349610177490408,0.88,1.0,1.0,0.6,1.0,1.0,0.2793140088824018,0.0,1.0,1.0,0.0,1.0,0.0,0.0,0.0,0.0,0.0,0.0,0.9877050130790034,1.0,0.53,0.06,1.0,2,1.0,0.0,1.0
0.6520551272328607,1.0,0.9,0.5372107195255865,1.0,0.7,0.97,0.4,1.0,1.0,0.19374569604376685,0.86,1.0,1.0,0.0,1.0,0.0,0.0,0.35,0.31275010852373764,0.65,0.20503913445355199,1.0,1.0,0.0,1.0,1.0,2,1.0,0.0,0.0
0.4072332078683426,1.0,0.4,0.7209778802513187,0.75,0.69,0.0,0.0,1.0,0.0,0.33028484559136334,0.86,1.0,1.0,0.0,1.0,0.0,0.0,0.16,0.0,0.74,0.00975605683815478,0.7010201794716908,1.0,0.49,0.0,1.0,2,1.0,0.0,1.0
0.3343611653114378,1.0,1.0,0.25330124986637115,0.29,0.69,0.62,0.9,1.0,0.0,0.6765622563938964,0.87,0.98,1.0,1.0,1.0,0.0,1.0,0.81,0.0,0.34,0.0,0.8096011482791761,1.0,0.43,0.13,1.0,2,1.0,0.0,0.0
0.6295186608075716,1.0,1.0,0.5382550161858598,0.46,1.0,1.0,1.0,1.0,1.0,0.30635746188272706,0.0,0.9,1.0,1.0,1.0,0.0,0.0,1.0,0.21213133488419395,0.0,0.0,0.23588456441405126,1.0,0.55,0.73,1.0,2,1.0,0.0,1.0
0.64607531046568,1.0,0.0,0.23763986721594427,0.78,0.95,0.99,0.7,1.0,0.0,0.17079454024144367,0.81,1.0,1.0,0.0,1.0,0.0,0.0,0.17,0.33931440699335635,1.0,0.4845046803506884,0.7992729388154367,1.0,0.67,0.84,1.0,2,1.0,0.0,0.0
0.4189287896242165,1.0,1.0,0.5494362922390035,0.99,0.95,0.98,0.5,1.0,0.0,0.0,0.89,0.96,1.0,0.0,0.5,0.0,0.0,0.31,0.3021068468046964,0.34,0.8212587423952317,0.661759026853223,1.0,0.46,0.0,1.0,2,1.0,0.0,1.0
0.4222374172428568,0.0,0.4,0.6187230994928933,1.0,0.82,0.96,0.4,1.0,0.0,0.2751309436600215,0.93,1.0,1.0,0.0,0.5,0.0,0.0,0.26,0.0,0.45,0.0,0.6421276094162374,1.0,0.63,0.19,1.0,2,1.0,0.0,1.0
0.6335263409473858,1.0,0.9,0.6090583486852897,0.27,1.0,0.97,1.0,1.0,1.0,0.6962426012227289,0.7,1.0,1.0,0.0,1.0,0.0,0.0,0.25,0.0,0.81,0.25573701138953947,0.6565280314928109,1.0,0.74,0.0,1.0,2,1.0,1.0,1.0
1.0,1.0,1.0,0.5580916249944223,0.93,0.99,1.0,0.1,1.0,1.0,0.3526458081091654,0.0,0.98,1.0,0.0,0.6,0.0,0.0,0.08,0.0,0.41,0.0,0.8051804681465013,1.0,0.43,0.34,1.0,2,1.0,0.0,1.0
0.3333333333333333,1.0,0.4,0.5577064456734924,0.99,0.99,0.8,0.5,1.0,0.0,0.2661717759025769,0.0,1.0,1.0,0.0,1.0,0.0,0.0,0.33,0.0,0.0,0.0,0.9877232074277399,0.0,0.45,0.91,1.0,2,1.0,0.0,0.0
0.7014102644754859,0.0,0.4,0.7198389190938206,1.0,0.96,1.0,1.0,1.0,0.0,0.0,0.0,0.93,1.0,1.0,1.0,0.0,0.0,0.35,0.7130509058435135,0.58,0.3747138622781599,0.6769648993039611,1.0,0.55,0.41,1.0,2,1.0,0.0,0.0
0.6685641989915604,1.0,0.6,0.10135368257771638,0.85,1.0,1.0,0.5,0.4,1.0,0.7836332197609827,0.7,0.42,1.0,0.0,1.0,0.0,0.0,1.0,0.19737871289933476,0.51,0.3142974566381295,0.25810025317695473,1.0,0.55,0.3,1.0,2,1.0,0.0,0.0
0.6986635514609293,0.0,1.0,0.25532182185283786,0.8,1.0,1.0,0.1,1.0,0.0,0.03165057522343309,0.0,0.86,1.0,0.0,1.0,0.0,0.0,0.33,0.1116918350907054,1.0,0.5630946703763458,0.7633703817352469,1.0,0.51,0.54,1.0,2,1.0,0.0,1.0
0.8663394352103458,0.0,0.5,0.32229637853197585,0.8,0.99,0.98,1.0,1.0,1.0,0.02447431092135266,0.0,0.97,1.0,0.0,1.0,0.0,0.0,0.26,0.19331482851671225,0.79,0.0,0.7037394802176098,1.0,0.48,0.58,1.0,2,1.0,0.0,1.0
1.0,0.0,0.0,0.11106241921629507,0.73,0.99,0.99,1.0,1.0,0.0,0.6305973963878915,0.21,1.0,1.0,0.0,0.9,0.0,0.0,0.2,0.0,0.39,0.6105328685424974,1.0,0.0,0.0,0.91,1.0,2,1.0,0.0,1.0
1.0,1.0,0.9,0.40268643918817315,0.74,0.98,1.0,0.9,1.0,0.0,0.37110310016621517,0.49,1.0,1.0,1.0,0.5,0.0,0.0,0.3,0.2478803760303122,0.08,0.0,1.0,1.0,0.54,0.58,1.0,2,1.0,0.0,1.0
0.40108427334776914,0.0,1.0,0.13809344198700152,1.0,1.0,0.97,1.0,0.1,0.0,0.5883450526495215,0.0,1.0,1.0,1.0,1.0,0.0,0.0,0.8,0.025814074881616272,0.6,0.037456763261221916,0.2751352675477546,1.0,0.84,0.14,1.0,2,0.0,0.0,1.0
0.5425666208147916,1.0,1.0,0.3189427053318097,0.99,1.0,0.99,1.0,0.6,0.0,0.37507016287270145,0.76,0.97,1.0,0.0,1.0,0.0,0.0,0.12,0.0,1.0,0.27472017644108393,0.6559585547612936,1.0,0.81,0.08,1.0,2,1.0,0.0,1.0
1.0,0.0,0.9,0.19653168560291132,1.0,1.0,0.95,1.0,1.0,0.0,0.15663733175787928,0.17,1.0,1.0,0.0,1.0,0.0,0.0,0.16,0.4440424258030561,0.78,0.0,0.6723364348697116,1.0,0.47,0.81,1.0,2,1.0,0.0,0.0
0.6712864651186673,1.0,0.0,0.8096249366987789,0.77,0.77,0.93,1.0,1.0,0.0,0.0,0.67,1.0,1.0,0.0,0.9,1.0,0.0,0.63,0.0,0.93,0.0,0.7658707838910714,1.0,0.49,0.21,1.0,2,0.0,0.0,0.0
0.8992746745042872,0.0,0.9,0.5951402694259919,0.8,1.0,0.72,1.0,1.0,0.0,0.0,0.0,1.0,1.0,0.0,1.0,0.0,0.0,0.35,0.49067718623621653,0.97,0.6087954661862567,0.12124946111824113,1.0,0.48,1.0,1.0,2,1.0,0.0,1.0
0.6740935599818664,1.0,0.4,0.34368757161478225,1.0,0.43,0.99,1.0,1.0,1.0,0.0,0.14,1.0,1.0,0.0,1.0,0.0,0.0,1.0,0.15195011819825596,0.96,0.2869812166560872,0.6179883905415571,1.0,0.52,1.0,1.0,2,1.0,1.0,1.0
0.3333333333333333,1.0,0.0,0.0,1.0,0.99,1.0,1.0,1.0,1.0,0.28494186022278606,0.0,0.82,1.0,0.0,1.0,0.0,0.0,0.28,0.0,0.02,0.5563114511007279,0.8637871293743626,1.0,0.48,0.06,1.0,2,1.0,0.0,1.0
0.8350950582821662,0.0,0.4,0.6437819765292785,1.0,0.98,0.95,1.0,1.0,0.0,0.29613218681444253,0.0,1.0,1.0,0.0,1.0,0.0,0.0,0.0,0.0,0.89,0.24717948229935363,0.5257348313117151,1.0,0.49,0.24,1.0,2,1.0,0.0,1.0
0.6943342496998223,1.0,1.0,0.4429813920326017,0.81,1.0,0.99,1.0,1.0,0.0,0.0,0.8,0.92,1.0,0.0,1.0,0.0,0.0,0.32,0.0,0.64,0.0,0.6319265804386134,1.0,0.55,1.0,1.0,2,1.0,0.0,1.0
0.6805303676615944,1.0,0.9,0.6629051449575482,1.0,0.98,0.95,0.4,1.0,1.0,0.3040688372456072,0.0,1.0,1.0,0.0,1.0,0.0,0.0,0.37,0.0,0.52,0.2205552382441317,1.0,1.0,0.45,1.0,1.0,2,0.0,0.0,0.0
0.3873488997639438,0.0,1.0,0.2333134041627244,1.0,0.99,0.96,0.6,1.0,0.0,0.2777713469708776,0.0,0.78,1.0,0.0,0.4,0.0,0.0,1.0,0.10935173435431743,1.0,0.0,0.787871252483469,1.0,0.54,1.0,1.0,2,1.0,0.0,1.0
0.6545617091745609,0.0,0.6,0.3544197468363164,0.25,0.77,0.97,1.0,1.0,0.0,0.35603451058150365,0.63,1.0,1.0,0.0,1.0,1.0,0.0,0.02,0.0,0.44,0.6820218422536842,1.0,1.0,0.27,0.51,1.0,2,1.0,0.0,0.0
0.6680428931187381,0.0,1.0,0.6495320282543922,1.0,0.97,0.88,1.0,0.6,0.0,0.2798657403162033,0.0,1.0,0.0,0.0,1.0,1.0,0.0,1.0,0.0,0.0,0.21841727446812598,0.9508198450022303,1.0,0.13,0.49,1.0,2,0.0,0.0,0.0
0.3333333333333333,1.0,1.0,0.23424701932685424,1.0,0.74,0.96,0.6,1.0,0.0,0.0,0.54,1.0,1.0,0.0,1.0,0.0,0.0,0.31,0.0,0.75,0.2210829672054737,0.7872438265840537,1.0,0.53,0.59,1.0,2,1.0,0.0,0.0
0.875128375887153,0.0,0.9,0.0,0.95,0.16,0.98,0.9,0.9,0.0,0.3076652551462611,0.81,1.0,1.0,0.0,0.4,0.0,0.0,0.33,0.39433202861997585,1.0,0.046404110967652734,0.0,1.0,0.59,0.0,1.0,2,1.0,1.0,1.0
0.6492206871797609,1.0,0.9,0.3420870680572468,0.99,1.0,0.0,1.0,1.0,0.0,0.0,0.23,0.89,1.0,1.0,1.0,0.0,0.0,0.27,0.0,0.0,0.10799053601085429,1.0,1.0,0.49,0.0,1.0,2,1.0,0.0,1.0
1.0,1.0,0.9,0.7003206485824393,0.82,0.95,0.94,0.5,1.0,1.0,0.924474491813843,0.0,0.95,1.0,0.0,0.6,0.0,0.0,0.26,0.0,0.09,0.06142550927398501,1.0,1.0,0.6,0.91,1.0,2,1.0,0.0,0.0
0.6584073045395484,0.0,0.4,0.2977127518821968,0.95,0.0,0.94,1.0,1.0,0.0,0.08202136713293526,0.93,1.0,1.0,0.0,1.0,0.0,1.0,0.21,0.0,0.67,0.0,0.42663188393740636,1.0,0.0,0.26,1.0,2,0.0,0.0,0.0
0.3333333333333333,1.0,0.9,0.0,0.99,1.0,0.95,1.0,1.0,0.0,0.0,0.71,1.0,1.0,0.0,1.0,0.0,0.0,1.0,0.2708676233504569,1.0,0.30425905696414673,1.0,1.0,0.53,0.63,1.0,2,1.0,0.0,1.0
0.6453762316774609,1.0,1.0,0.27071932784478236,0.62,0.73,0.99,0.6,1.0,1.0,0.8926603921682772,0.89,1.0,1.0,0.0,0.9,0.0,0.0,0.27,0.08813689778139508,0.69,0.368827804624567,0.912146527393648,1.0,0.49,0.07,1.0,2,1.0,0.0,1.0
0.3333333333333333,0.0,1.0,0.0,0.81,0.99,0.99,0.4,1.0,0.0,0.2555684020491026,0.36,0.96,1.0,0.0,1.0,0.0,0.0,0.61,0.12813992574341354,0.72,0.116298514261373,0.9407244552205135,1.0,0.53,0.93,1.0,2,1.0,0.0,0.0
0.4038063507178053,1.0,0.0,0.0,0.8,0.73,0.97,0.0,1.0,0.0,0.6931185808969577,0.0,1.0,1.0,0.0,1.0,0.0,0.0,0.38,0.28052764285812154,0.56,0.05430176990057672,0.0,1.0,0.46,0.99,1.0,2,1.0,1.0,1.0
0.6975638082405714,0.0,0.4,0.5296870797979343,0.83,0.69,0.97,1.0,1.0,0.0,0.1478175406987475,0.39,1.0,1.0,1.0,1.0,0.0,0.0,0.05,0.010766320046443095,0.97,0.31818080200423743,0.8455953834349095,1.0,0.0,0.41,1.0,2,1.0,1.0,1.0
0.6419695296890973,0.0,0.2,0.0,0.72,0.63,1.0,0.5,1.0,1.0,0.32715199324124117,0.7,1.0,1.0,1.0,1.0,1.0,0.0,0.87,0.4065309971426737,0.74,0.0,0.9409815339923394,1.0,0.49,0.47,1.0,2,1.0,0.0,1.0
0.6885179180661588,1.0,0.3,0.22915107239108054,0.93,0.95,0.98,0.4,1.0,0.0,0.4926847489032662,0.0,0.91,1.0,0.0,0.9,0.0,0.0,0.22,0.5248782117481323,0.48,0.0,0.39181503570276577,1.0,0.42,0.03,1.0,2,1.0,0.0,1.0
0.6530160214594392,0.0,1.0,0.5524198121614803,0.72,1.0,0.98,1.0,1.0,0.0,0.11511889364501582,0.0,1.0,0.0,0.0,0.6,0.0,0.0,0.16,0.4200384087878218,0.49,0.4572982738730401,1.0,0.0,0.48,0.09,1.0,2,1.0,0.0,0.0
0.34951238516758276,1.0,0.0,0.6082566035034611,1.0,0.81,1.0,1.0,1.0,0.0,0.0,0.0,0.96,1.0,0.0,0.3,0.0,0.0,0.51,0.6046309293282635,0.42,0.0,0.8139625644295971,0.0,0.45,0.28,1.0,2,1.0,0.0,1.0
1.0,1.0,0.4,0.2546256223822704,0.54,0.95,0.95,0.5,1.0,0.0,0.27929125196293203,0.19,1.0,0.0,0.0,0.9,0.0,1.0,0.75,0.325125578308747,0.78,0.7120823245031963,0.5415542249627343,1.0,0.45,0.15,1.0,2,1.0,1.0,1.0
0.6799171693189505,0.0,0.8,0.06753485355468453,1.0,0.94,0.96,0.9,1.0,0.0,0.0,0.37,1.0,1.0,0.0,1.0,1.0,0.0,0.32,0.4577827819106146,0.6,0.2846442146562866,0.9536157182299438,1.0,0.82,0.42,1.0,2,1.0,0.0,1.0
0.6782395010727078,1.0,0.0,0.2155360336807655,0.97,0.92,1.0,1.0,1.0,0.0,0.38720430957485974,0.63,0.91,1.0,0.0,1.0,0.0,0.0,0.24,0.2903597215917638,0.3,0.5759095468219199,0.3046603516101243,1.0,0.46,0.57,1.0,2,1.0,0.0,0.0
0.6975233188381669,0.0,0.8,0.24913004402043465,1.0,1.0,0.96,0.9,1.0,0.0,0.0,0.38,0.97,0.0,0.0,0.3,0.0,0.0,0.05,0.7047984775223353,0.57,0.5763526782081514,0.620812924616525,1.0,0.42,0.0,1.0,2,1.0,0.0,1.0
0.6348067851584048,0.0,1.0,0.3527011132730158,1.0,0.0,0.98,1.0,1.0,0.0,0.0,0.0,0.26,1.0,0.0,1.0,0.0,1.0,0.3,0.0,0.68,0.32266147553993396,0.0,1.0,0.46,1.0,1.0,2,1.0,0.0,0.0
0.3333333333333333,0.0,1.0,0.27347013450415597,1.0,1.0,0.96,1.0,1.0,0.0,0.09301732500124946,0.71,1.0,1.0,0.0,1.0,0.0,0.0,0.31,0.2964612613961949,0.63,0.7360089102695664,0.6857597211033558,0.0,0.54,0.23,1.0,2,1.0,0.0,1.0
0.3333333333333333,0.0,0.0,0.3247661809830897,1.0,0.99,0.98,0.9,1.0,0.0,0.0,1.0,1.0,1.0,0.0,0.5,0.0,0.0,1.0,0.15882544224721107,0.03,0.5121311150339787,1.0,1.0,0.78,0.91,1.0,2,1.0,0.0,0.0
0.6689555354703024,0.0,0.0,0.35264983170041075,1.0,0.7,1.0,0.9,1.0,1.0,0.28105067811365264,0.41,1.0,1.0,0.0,1.0,0.0,0.0,0.26,0.0,0.62,0.02673739768738495,0.657766102034396,1.0,0.59,0.0,1.0,2,1.0,0.0,1.0
0.3333333333333333,0.0,0.8,0.4226169943373005,1.0,1.0,0.96,0.1,1.0,0.0,0.0,0.93,1.0,1.0,0.0,1.0,0.0,0.0,0.24,0.9505442453277134,0.96,0.5843528795165979,0.08447932656514573,1.0,0.54,0.39,1.0,2,1.0,0.0,1.0
0.3333333333333333,0.0,0.1,1.0,1.0,0.97,1.0,1.0,1.0,1.0,0.49122493937565803,0.25,1.0,1.0,0.0,0.5,0.0,0.0,0.65,0.0,0.94,0.1865628890972116,1.0,1.0,0.5,0.0,1.0,2,1.0,0.0,1.0
0.6802216120766146,1.0,0.0,0.4001659821918403,0.81,0.96,0.99,0.3,1.0,0.0,0.6790758948617837,0.43,1.0,1.0,0.0,1.0,0.0,0.0,0.34,0.6294753455368653,0.89,0.010337087180414012,0.28311520488026576,1.0,0.56,1.0,1.0,2,1.0,0.0,1.0
0.6594151859253395,0.0,0.8,0.5841062019251713,1.0,0.0,0.95,0.4,1.0,0.0,0.7781821218342155,0.0,1.0,1.0,0.0,0.4,0.0,0.0,0.33,0.0,1.0,0.429134942779334,1.0,1.0,0.62,0.76,1.0,2,1.0,1.0,0.0
0.6716556680616392,1.0,1.0,0.2349633174029095,0.8,1.0,0.64,1.0,0.5,1.0,0.3413189442425855,0.85,1.0,1.0,0.0,1.0,0.0,0.0,0.32,0.021463708856125252,0.0,0.0,0.7087476193977054,1.0,0.53,0.79,1.0,2,1.0,0.0,0.0
0.9607141047502996,0.0,0.9,0.6519945765790242,1.0,0.82,0.96,1.0,1.0,0.0,0.0,0.0,1.0,1.0,0.0,0.6,0.0,0.0,0.19,0.18449101050391253,0.0,0.05132066887773083,0.5993646726923826,1.0,0.57,0.22,1.0,2,1.0,0.0,0.0
0.6268617459248353,1.0,1.0,0.36209978291430434,1.0,1.0,0.94,1.0,1.0,0.0,0.005832576539043539,0.71,1.0,0.0,0.0,0.6,0.0,0.0,0.1,0.0,0.99,0.3750794907166266,0.7719031075667759,1.0,0.47,0.36,1.0,2,1.0,0.0,1.0
0.70986124497634,1.0,0.8,0.337009321586414,1.0,0.71,0.97,1.0,1.0,0.0,0.0,0.0,0.97,1.0,0.0,1.0,0.0,0.0,0.31,0.0,0.94,0.6100496894708715,0.7614085827296496,1.0,0.45,0.52,1.0,2,1.0,0.0,1.0
0.6675688617792325,0.0,0.3,0.7470757146073768,1.0,1.0,0.97,1.0,1.0,0.0,0.4011024838542663,0.07,1.0,1.0,0.0,0.9,0.0,0.0,0.03,0.5901564765842344,0.89,0.0,1.0,0.0,0.8,0.49,1.0,2,1.0,0.0,1.0
0.6699189789739632,0.0,1.0,0.3388642712660191,0.94,1.0,1.0,0.9,1.0,0.0,0.3923103263589445,0.0,0.93,1.0,0.0,1.0,0.0,0.0,0.22,0.3920922488844076,0.0,0.2953574700905557,0.5793852508819406,1.0,0.56,0.01,1.0,2,1.0,0.0,1.0
0.8112779453854916,0.0,0.0,0.433857670874591,1.0,1.0,1.0,1.0,1.0,0.0,0.2772248720936312,0.0,1.0,1.0,0.0,1.0,0.0,0.0,1.0,0.9135271033439644,1.0,0.3169688342174812,0.10611381899241604,1.0,0.88,1.0,1.0,2,1.0,0.0,1.0
0.3333333333333333,1.0,0.5,0.18581507788257648,1.0,1.0,0.99,0.8,1.0,0.0,0.28650561962437043,0.0,0.95,1.0,0.0,1.0,1.0,0.0,0.42,0.4601490849092963,1.0,0.47215084921733896,0.6147343759355772,1.0,0.44,0.48,1.0,2,0.0,0.0,0.0
0.6917664696941787,0.0,0.8,0.6758460224159395,0.96,0.98,0.94,0.5,1.0,0.0,1.0,0.77,1.0,1.0,0.0,1.0,0.0,0.0,0.24,0.8111900991725807,0.78,0.0,0.7693384005400024,1.0,0.45,0.3,1.0,2,1.0,0.0,1.0
0.6831426416176647,0.0,1.0,0.658409580329211,0.81,0.72,1.0,0.4,0.6,1.0,0.2838542179275911,0.0,1.0,1.0,0.0,0.6,0.0,0.0,1.0,0.4530166185436953,0.86,0.36504987934968625,0.6958250758338035,1.0,0.52,0.42,1.0,2,1.0,0.0,0.0
0.3333333333333333,0.0,0.0,0.33323883794835174,0.78,0.96,1.0,0.6,0.6,0.0,0.0,0.96,0.97,0.0,0.0,0.9,0.0,0.0,0.17,0.0,1.0,0.2722979199042931,1.0,1.0,0.0,0.45,1.0,2,1.0,0.0,1.0
0.6638195573552234,0.0,0.0,0.3211655839780974,0.69,0.22,0.96,1.0,1.0,0.0,0.20872947255185217,0.58,1.0,1.0,0.0,0.9,0.0,0.0,0.0,0.852601815126592,0.53,0.0,0.6910316481462063,1.0,0.49,0.56,1.0,2,1.0,0.0,0.0
0.6463424498874376,1.0,0.4,0.3172506170273617,1.0,0.98,0.99,1.0,1.0,1.0,0.31753411769447243,0.0,1.0,1.0,1.0,1.0,0.0,0.0,0.24,0.6387437445325768,0.19,0.0,0.024463012543627427,1.0,0.45,0.39,1.0,2,1.0,0.0,1.0
0.6979950158299675,1.0,0.1,0.3994576932610304,1.0,0.99,0.99,1.0,1.0,0.0,0.6089131837025501,0.0,1.0,1.0,0.0,0.3,0.0,0.0,0.12,0.1728310142306533,0.43,0.0,0.23881336594712238,1.0,0.52,0.43,1.0,2,1.0,0.0,1.0
0.5360941083827588,1.0,0.0,0.3650674864137409,0.64,0.45,1.0,0.9,1.0,0.0,0.0,0.0,1.0,1.0,0.0,1.0,0.0,0.0,0.28,0.043538757281081086,0.44,0.2803430002322681,0.09412552898178533,1.0,0.53,0.02,1.0,2,1.0,0.0,1.0
1.0,1.0,0.9,0.3262267468393481,0.98,0.62,0.63,0.5,1.0,0.0,0.0,0.51,0.12,1.0,0.0,0.5,0.0,0.0,0.29,0.0,0.8,0.0,1.0,1.0,0.47,0.35,1.0,2,1.0,0.0,1.0
0.6404345377240626,0.0,1.0,0.31189308525075055,0.95,1.0,0.95,1.0,1.0,0.0,0.0,0.46,1.0,1.0,0.0,1.0,0.0,0.0,0.01,0.30103413389461275,0.0,0.0,0.8501353750528556,0.0,0.54,0.82,1.0,2,1.0,0.0,1.0
0.660923468957737,0.0,0.9,0.6663069558206026,0.62,1.0,0.94,1.0,1.0,0.0,0.3493227175753133,1.0,1.0,1.0,0.0,0.6,0.0,0.0,0.17,0.27293961756747454,0.81,0.0,0.0,1.0,0.49,0.53,1.0,2,1.0,1.0,1.0
0.3333333333333333,1.0,0.0,0.6033079012099863,1.0,0.74,0.95,1.0,1.0,1.0,0.2601463775358038,0.0,1.0,1.0,0.0,1.0,0.0,0.0,0.27,0.0,0.85,0.0,0.12206740897851812,1.0,0.0,0.67,1.0,2,1.0,0.0,1.0
0.6998752863830194,0.0,0.9,0.23728809031055853,1.0,1.0,0.99,1.0,1.0,0.0,0.5174577869071671,0.42,0.99,1.0,0.0,1.0,0.0,0.0,0.1,0.565583228370464,0.19,0.2199227817796822,0.38054025866693053,1.0,0.47,0.06,1.0,2,1.0,0.0,1.0
0.3333333333333333,1.0,0.3,0.33134826995916267,0.83,1.0,1.0,1.0,1.0,0.0,0.4499992450504845,0.21,1.0,1.0,1.0,1.0,0.0,0.0,0.33,0.0,0.74,0.23517139765114836,0.8273776817998809,1.0,0.45,0.0,1.0,2,1.0,0.0,0.0
0.6330808919544622,0.0,0.8,0.7761279753304313,1.0,0.06,0.98,1.0,1.0,0.0,0.0,0.0,1.0,1.0,0.0,1.0,0.0,0.0,0.22,0.004108502358020016,0.94,0.18469364821915865,0.5073830380153694,1.0,0.53,0.69,1.0,2,1.0,0.0,0.0
1.0,0.0,1.0,0.5320666297098399,0.8,0.79,0.97,0.4,1.0,1.0,0.07839980421752371,0.65,0.81,1.0,0.0,1.0,0.0,1.0,0.36,0.0,0.46,0.0,0.8570064940527693,1.0,0.55,0.66,1.0,2,0.0,1.0,0.0
0.3333333333333333,0.0,0.0,0.6101925713587878,0.64,0.68,0.97,0.6,1.0,1.0,0.0,0.41,1.0,1.0,0.0,0.4,0.0,0.0,0.62,0.0,1.0,0.04669355003376389,1.0,1.0,0.64,0.55,1.0,2,1.0,0.0,1.0
0.3644776720016347,0.0,1.0,0.29894801960311274,1.0,1.0,0.96,0.9,1.0,0.0,0.0,0.87,0.91,0.0,0.0,1.0,0.0,0.0,0.33,0.14361390230239127,0.57,0.0,1.0,1.0,0.47,0.98,1.0,2,1.0,0.0,1.0
0.6815723069730298,0.0,0.4,0.5906782530901655,0.95,0.84,0.95,0.6,1.0,1.0,0.6991901656706644,0.46,1.0,1.0,1.0,0.9,0.0,1.0,0.04,0.0,0.83,0.059336644372297055,0.13512401398503418,1.0,0.46,0.0,1.0,2,1.0,0.0,1.0
0.673309359115134,0.0,0.9,0.2706283539234681,0.81,0.96,0.99,0.6,1.0,0.0,0.5172319435745407,0.85,1.0,0.0,0.0,0.6,0.0,0.0,0.07,0.24261792275152239,0.42,0.29946019390764106,1.0,1.0,0.54,0.59,1.0,2,1.0,0.0,1.0
0.6885838728796004,0.0,0.9,0.0,0.81,0.72,0.95,1.0,1.0,0.0,0.31515511184430484,0.23,1.0,1.0,0.0,1.0,0.0,0.0,0.28,0.04897231633613214,1.0,0.15898947949808506,0.9111368919168111,1.0,0.47,0.27,1.0,2,1.0,0.0,1.0
1.0,0.0,0.0,0.2883069270298493,1.0,1.0,1.0,0.9,1.0,0.0,0.0,0.0,1.0,1.0,0.0,0.6,0.0,0.0,0.15,0.08990612659259761,1.0,1.0,0.7830638669890383,1.0,0.57,0.56,1.0,2,1.0,0.0,1.0
0.6725704190435708,0.0,1.0,0.2125726597131699,0.88,1.0,0.95,0.6,1.0,0.0,0.12479470933761216,0.0,1.0,1.0,0.0,1.0,0.0,0.0,0.27,0.19175717773218845,1.0,0.2681436404926967,0.8098836112685054,1.0,0.54,0.01,1.0,2,1.0,0.0,1.0
0.3333333333333333,0.0,1.0,0.21203551434180506,0.9,0.65,0.97,1.0,1.0,0.0,0.31509271186887833,0.08,0.7,1.0,0.0,0.5,0.0,1.0,1.0,0.12459872155096194,0.69,0.0,1.0,1.0,0.56,0.0,1.0,2,1.0,0.0,0.0
0.6649267298175421,1.0,0.9,0.2574665087142822,0.81,0.96,0.99,1.0,1.0,0.0,0.3755524647833988,1.0,0.96,1.0,0.0,1.0,0.0,0.0,0.3,0.08724467969826519,0.44,0.8196958456419666,0.34744905435768286,1.0,0.66,0.8,1.0,2,1.0,0.0,1.0
0.6772580376809708,1.0,0.0,0.2629663824017255,1.0,0.22,0.99,0.1,1.0,1.0,0.0,0.26,1.0,1.0,0.0,0.4,0.0,0.0,0.38,0.13915833001054206,0.66,0.2541746773696261,0.748143439820822,0.0,0.55,0.97,1.0,2,1.0,0.0,1.0
0.664819549006859,0.0,0.0,0.6718526150631459,1.0,1.0,0.98,0.5,1.0,1.0,0.32037984570149886,0.37,1.0,1.0,0.0,1.0,0.0,0.0,0.0,0.12589625920556635,0.9,0.7060179690372441,0.6959958807086928,1.0,0.45,0.83,1.0,2,1.0,0.0,1.0
0.42339718855600134,1.0,1.0,0.5807545633278199,1.0,0.66,0.98,1.0,1.0,0.0,0.0,0.0,0.25,1.0,0.0,0.5,0.0,0.0,0.26,0.2375612886496652,0.32,0.0,0.26296056223707515,1.0,0.54,0.96,1.0,2,1.0,0.0,1.0
0.3333333333333333,0.0,1.0,0.20983410865860133,0.64,0.09,0.99,1.0,1.0,1.0,0.3376594243328464,0.7,1.0,1.0,0.0,1.0,0.0,0.0,0.26,0.7488002834543666,0.5,0.0924893446676913,0.8256725232177302,1.0,0.52,0.18,1.0,2,1.0,0.0,0.0
0.46228302477803757,0.0,0.5,0.0,0.95,1.0,1.0,1.0,1.0,0.0,0.4295468567460856,0.0,1.0,1.0,0.0,1.0,0.0,0.0,0.06,0.20452349967165917,0.38,0.34184810136422455,0.0,1.0,0.57,0.69,1.0,2,1.0,0.0,1.0
0.6492401565585401,1.0,0.0,0.44741992448,0.8,0.96,1.0,0.4,1.0,0.0,0.09362143416256005,0.0,1.0,1.0,1.0,0.9,0.0,0.0,0.35,0.5904382544757977,1.0,0.0,0.40915421413782477,1.0,0.49,0.45,1.0,2,1.0,0.0,1.0
0.7231536546155435,1.0,0.6,0.7261093691706569,0.78,1.0,1.0,1.0,0.2,1.0,0.12437940774939665,0.0,1.0,0.0,0.0,0.5,0.0,0.0,0.25,0.0,1.0,0.0,0.5428311639232073,1.0,0.67,0.77,1.0,2,1.0,0.0,1.0
0.6908475415278205,1.0,0.0,0.2969130419057348,1.0,0.0,1.0,0.6,1.0,0.0,0.2817676907527591,0.43,1.0,1.0,0.0,1.0,0.0,0.0,0.39,0.08448221167319725,0.0,1.0,0.7128925781788198,1.0,0.5,0.88,1.0,2,1.0,0.0,1.0
0.3333333333333333,0.0,0.9,0.0,0.55,1.0,0.98,1.0,1.0,0.0,0.3196998435981764,0.74,1.0,1.0,0.0,0.6,1.0,0.0,0.66,0.302215901099559,0.91,0.0,0.37168772662581323,1.0,0.42,0.32,1.0,2,0.0,0.0,1.0
0.6664518361447129,0.0,0.1,0.6216460315075769,0.97,0.86,0.98,1.0,1.0,0.0,0.44583465918477816,0.0,1.0,1.0,1.0,0.9,0.0,0.0,0.22,0.29597945803729375,0.17,0.34003446789634856,0.8432035131513876,1.0,0.49,0.9,1.0,2,0.0,0.0,0.0
0.6587345830858764,0.0,0.9,0.22912150549651455,0.8,0.98,0.93,0.5,1.0,0.0,0.41920652054853325,0.44,1.0,1.0,0.0,0.9,0.0,1.0,1.0,0.0,0.16,0.027557213362965592,0.3496487294976317,1.0,0.44,0.43,1.0,2,1.0,1.0,1.0
1.0,1.0,1.0,0.6638891930066507,1.0,0.94,0.59,0.9,1.0,1.0,0.0,0.26,1.0,0.0,0.0,1.0,0.0,0.0,0.36,0.0,0.95,0.0,0.8492170964881616,1.0,0.49,1.0,1.0,2,1.0,0.0,1.0
0.3333333333333333,0.0,0.2,0.0,0.99,1.0,0.99,1.0,1.0,0.0,0.3440607492102678,0.14,1.0,1.0,0.0,1.0,0.0,0.0,0.09,0.7349565567244898,1.0,0.8742511793591785,0.41473944733516555,0.0,0.53,0.67,1.0,2,1.0,0.0,1.0
0.6831400967720971,0.0,0.8,0.5723749724754006,1.0,1.0,1.0,0.7,1.0,1.0,0.10857008608087923,0.06,0.96,1.0,0.0,0.6,0.0,0.0,0.5,0.0,0.0,0.0,0.6573147351768784,1.0,0.67,0.79,1.0,2,1.0,0.0,0.0
0.3333333333333333,1.0,0.9,0.5668134648182802,0.97,0.67,0.95,0.6,0.9,1.0,0.1517817396237333,0.38,1.0,1.0,0.0,1.0,0.0,0.0,0.22,0.0,0.74,0.49997617002577555,0.6916687273017023,0.0,0.51,0.81,1.0,2,1.0,0.0,1.0
0.6673866434764237,0.0,0.0,0.47660276735907636,1.0,0.81,0.99,1.0,1.0,0.0,0.2802926819797003,0.0,1.0,1.0,0.0,0.9,0.0,0.0,0.91,0.0,0.85,0.07714922586142392,0.8291433302541281,1.0,0.55,0.1,1.0,2,1.0,0.0,0.0
0.6752605520180004,0.0,0.0,0.5924615954802723,1.0,0.65,0.95,0.5,1.0,1.0,0.0,0.34,1.0,1.0,0.0,0.3,0.0,0.0,0.24,0.0,1.0,0.7819714090683496,0.6994699617091913,0.0,0.49,0.0,1.0,2,1.0,0.0,1.0
1.0,0.0,0.9,0.21779099655243156,0.87,0.73,1.0,1.0,1.0,1.0,0.24650356183030991,0.55,0.68,1.0,0.0,1.0,0.0,0.0,0.34,0.7872755567009422,0.99,0.2482703640370112,0.4743306769094764,1.0,0.47,0.61,1.0,2,1.0,0.0,0.0
0.6480652163115221,1.0,0.0,0.0,0.73,0.99,0.95,1.0,1.0,0.0,0.3174032280788433,0.0,1.0,0.0,0.0,1.0,0.0,0.0,0.25,0.0,1.0,0.0,0.0,1.0,0.43,0.02,1.0,2,1.0,0.0,0.0
0.36923732187393826,1.0,1.0,0.322965127500154,1.0,0.95,0.96,1.0,1.0,0.0,0.0,0.39,1.0,1.0,0.0,0.9,0.0,0.0,1.0,0.0,0.72,0.4113502349281168,1.0,1.0,0.42,0.17,1.0,2,1.0,0.0,1.0
0.6606626758505847,0.0,0.3,0.4640680201421691,0.74,0.98,1.0,1.0,1.0,0.0,0.5928869056684465,0.21,1.0,1.0,0.0,0.9,0.0,0.0,0.16,0.38290282680805887,0.63,0.28108086449918646,0.6090328554801393,0.0,0.43,0.45,1.0,2,1.0,0.0,1.0
0.6656341948622536,0.0,0.5,0.2874311741529989,1.0,0.99,1.0,0.9,1.0,0.0,0.29169177768644483,0.37,1.0,1.0,0.0,1.0,0.0,0.0,0.99,0.6193283453707417,0.95,0.061324899617474754,0.0,1.0,0.69,0.0,1.0,2,1.0,0.0,1.0
1.0,0.0,0.0,0.35346505330243905,1.0,0.67,0.95,1.0,1.0,0.0,0.43740366213576515,0.46,1.0,1.0,0.0,0.4,0.0,0.0,0.19,0.0,0.99,0.34333331729988215,0.0,1.0,0.48,0.34,1.0,2,1.0,0.0,1.0
0.637908709906071,0.0,1.0,0.007347929897510753,1.0,0.01,0.98,0.0,1.0,1.0,0.411990331138746,0.88,1.0,1.0,0.0,1.0,1.0,0.0,0.28,0.19488241989077126,0.06,0.39774477180763335,0.38433365173553785,1.0,0.52,0.58,1.0,2,1.0,0.0,0.0
0.3333333333333333,0.0,1.0,0.3146124441650193,1.0,0.98,0.96,1.0,1.0,0.0,0.6582365425292029,0.81,1.0,1.0,0.0,1.0,0.0,0.0,1.0,0.24331950538673575,0.87,0.0,0.7480323568249088,1.0,0.48,1.0,1.0,2,1.0,0.0,0.0
0.3333333333333333,1.0,0.5,0.295954680974965,1.0,1.0,0.97,0.6,1.0,1.0,0.2718864707153964,0.86,0.94,1.0,0.0,0.4,0.0,0.0,0.0,0.0,1.0,0.0,0.6354294575290693,1.0,0.44,0.65,1.0,2,1.0,1.0,0.0
0.3730252824967152,0.0,0.4,0.6594673048854588,0.99,1.0,0.99,1.0,1.0,0.0,0.2210037477771325,0.0,1.0,1.0,0.0,1.0,0.0,0.0,0.3,1.0,0.57,0.0,0.0,1.0,0.56,1.0,1.0,2,1.0,0.0,1.0
0.6721557032412356,1.0,0.0,0.31304415921449386,1.0,0.96,1.0,0.4,1.0,1.0,0.0,0.0,0.41,1.0,0.0,1.0,1.0,0.0,0.99,0.0,0.04,0.0,0.22167508859677748,0.0,0.54,0.76,1.0,2,1.0,0.0,1.0
1.0,0.0,0.3,0.5801006998680726,0.79,0.94,0.95,1.0,1.0,0.0,0.5315086276707678,0.74,0.98,1.0,1.0,1.0,0.0,0.0,0.39,0.0,0.0,0.054512587880739885,1.0,1.0,0.44,0.26,1.0,2,1.0,0.0,1.0
0.431510368529042,0.0,0.0,0.3097419570007396,1.0,0.96,0.95,1.0,1.0,0.0,0.0,0.74,1.0,1.0,0.0,1.0,0.0,0.0,0.32,0.0,0.96,0.0,0.7846961872515238,1.0,0.5,0.98,1.0,2,1.0,0.0,0.0
0.6302009938645693,0.0,0.0,0.3744122164897426,0.74,1.0,0.18,1.0,1.0,0.0,0.2847726527192666,0.49,1.0,1.0,0.0,0.4,0.0,0.0,0.32,0.06149760468407836,0.75,0.08992348555033078,0.9087865198053904,1.0,0.49,0.63,1.0,2,1.0,0.0,0.0
0.7696206091646127,0.0,1.0,0.0,1.0,0.73,1.0,0.9,1.0,0.0,0.0,0.0,1.0,1.0,0.0,0.4,0.0,0.0,0.33,0.02768752899828736,0.83,0.13910873224803066,0.5627005864008626,0.0,0.18,0.02,1.0,2,1.0,0.0,1.0
0.661120128796723,0.0,0.8,0.5364513524836821,0.76,0.78,0.59,0.9,1.0,0.0,0.0,0.87,1.0,0.0,0.0,1.0,0.0,0.0,0.06,0.0,1.0,0.014499532263059634,0.24103911984915236,1.0,0.51,0.0,1.0,2,1.0,0.0,0.0
0.6465468066896832,1.0,1.0,0.0,1.0,1.0,0.98,1.0,1.0,0.0,0.0007966518238229445,0.41,0.96,1.0,0.0,1.0,0.0,0.0,0.0,0.0,0.01,0.24914017260631044,1.0,1.0,0.0,0.37,1.0,2,1.0,1.0,1.0
0.6500957302472969,0.0,0.5,0.0,0.75,1.0,1.0,1.0,1.0,0.0,0.8348432984789641,0.0,1.0,1.0,0.0,1.0,0.0,1.0,0.0,0.0,0.72,0.8604648666290027,0.537725748492651,1.0,0.8,0.56,1.0,2,1.0,0.0,1.0
0.6681540856064021,0.0,0.3,0.3209855993289421,0.99,0.21,0.96,0.9,1.0,0.0,0.5963465992458004,0.64,1.0,1.0,0.0,0.6,0.0,0.0,0.19,0.4795536643616746,0.15,0.0,1.0,0.0,0.45,0.0,1.0,2,1.0,1.0,0.0
0.3333333333333333,0.0,0.0,0.7171271073149338,0.86,0.94,0.94,0.5,1.0,1.0,0.04485721687189078,0.0,1.0,1.0,0.0,1.0,0.0,0.0,0.31,0.354067690971695,1.0,0.0,1.0,0.0,0.0,0.08,1.0,2,1.0,0.0,0.0
0.3333333333333333,1.0,0.0,0.5920682066437775,1.0,0.01,0.98,1.0,1.0,0.0,0.5469969982343649,0.0,0.99,1.0,0.0,1.0,0.0,0.0,0.37,0.39235268948304725,0.62,0.3901644643373203,0.6546988245970339,1.0,0.52,0.79,1.0,2,1.0,0.0,0.0
0.9212281371922851,0.0,0.0,0.4008418631597046,1.0,0.96,1.0,0.5,1.0,0.0,0.7765094088211666,0.4,1.0,1.0,0.0,1.0,0.0,0.0,0.24,0.8917571043160801,0.59,0.6499214605600817,0.830780203406833,1.0,0.77,0.55,1.0,2,1.0,0.0,1.0
0.6462909919077713,1.0,0.5,0.5404855431425787,0.99,0.79,0.98,0.9,1.0,1.0,0.3013589618716158,0.0,0.97,1.0,0.0,1.0,0.0,0.0,0.98,0.0645655424058077,0.67,0.0,0.5068141863064873,1.0,0.45,0.32,1.0,2,1.0,0.0,1.0
0.6405785303578536,1.0,1.0,0.27567006443271413,0.94,0.8,1.0,0.9,1.0,1.0,0.6097762577054364,0.0,0.61,1.0,0.0,1.0,0.0,0.0,0.27,0.8927119843512422,0.59,0.0,0.6465923485317525,1.0,0.71,0.0,1.0,2,1.0,1.0,1.0
0.6957923244397395,0.0,0.8,0.4087192166740264,0.86,0.94,0.94,0.9,1.0,0.0,0.3497274503722028,0.39,1.0,1.0,1.0,1.0,0.0,0.0,0.24,0.046092676039020064,1.0,0.34069647034104106,0.7398797173568394,1.0,0.45,0.44,1.0,2,1.0,1.0,0.0
0.351155373304811,1.0,0.0,0.1519115374595405,1.0,0.66,1.0,1.0,1.0,0.0,0.0,0.99,0.93,1.0,0.0,1.0,1.0,0.0,0.22,0.0,0.97,0.2670551422152131,0.5720785393693736,1.0,0.47,0.82,1.0,2,1.0,0.0,1.0
0.6528751763572345,1.0,0.2,0.2840233983231717,0.55,0.79,1.0,0.4,0.3,1.0,0.47877852619971395,0.0,1.0,0.0,0.0,0.6,0.0,0.0,0.34,0.07518815641419596,0.9,0.26494537950138664,0.47572386487445917,1.0,0.55,1.0,1.0,2,1.0,0.0,1.0
0.3388724497766701,0.0,0.9,0.26209747077157647,0.97,1.0,0.97,1.0,1.0,0.0,0.31928629529464314,0.65,1.0,0.0,0.0,1.0,0.0,0.0,0.31,0.0,0.85,0.0,0.848489772391631,0.0,0.49,1.0,1.0,2,1.0,0.0,1.0
0.4739100730623186,0.0,0.4,0.2884862996317551,1.0,0.96,0.95,0.9,1.0,0.0,0.29736299816354594,0.67,1.0,1.0,0.0,1.0,0.0,0.0,0.28,0.006196672194529573,0.76,0.06866431508744675,0.0,1.0,0.69,0.93,1.0,2,1.0,0.0,1.0
0.7086709323823531,1.0,1.0,0.0,1.0,0.68,0.95,0.5,1.0,1.0,0.3870554373565943,0.99,0.99,1.0,0.0,1.0,0.0,0.0,0.0,0.022783118928770163,0.99,0.7102237770839979,0.6251889971356986,0.0,0.51,0.73,1.0,2,1.0,0.0,0.0
0.5374850138773086,1.0,0.6,0.0,1.0,1.0,0.95,0.5,1.0,1.0,0.0,0.0,1.0,1.0,0.0,0.5,0.0,0.0,0.28,0.0,0.82,0.006685205901324029,0.7204192620179258,0.0,0.53,0.68,1.0,2,1.0,0.0,1.0
0.3333333333333333,0.0,1.0,0.33309784977975193,1.0,1.0,0.95,1.0,1.0,1.0,0.7209209112206963,0.84,1.0,1.0,0.0,0.3,0.0,0.0,0.44,0.3064057610322199,0.29,0.0,0.05187262947632102,1.0,0.44,1.0,1.0,2,1.0,0.0,1.0
0.7007023288231655,0.0,0.0,0.41499680328648425,0.82,0.98,0.96,0.9,1.0,0.0,0.5284207966720831,0.18,1.0,0.0,0.0,0.9,1.0,0.0,0.18,0.16088549106073663,1.0,0.6833322288326502,0.13848078431838454,0.0,0.52,0.25,1.0,2,0.0,0.0,0.0
0.3333333333333333,1.0,0.0,0.5195074277533706,1.0,1.0,1.0,0.9,0.7,1.0,0.3047488877065352,0.68,1.0,0.0,0.0,1.0,0.0,0.0,0.48,0.0,0.0,0.0,1.0,1.0,0.5,0.33,1.0,2,1.0,0.0,1.0
0.3333333333333333,1.0,0.6,0.6953859277092908,1.0,0.95,0.96,1.0,1.0,1.0,0.5324155953479547,0.36,1.0,1.0,0.0,0.4,0.0,1.0,1.0,0.44157529217486347,0.53,0.0,0.6850522433531834,1.0,0.56,1.0,1.0,2,1.0,0.0,1.0
0.7049137723275855,1.0,0.9,0.683683818110694,0.9,0.97,0.95,1.0,0.7,1.0,0.37827413601961457,0.0,1.0,1.0,0.0,1.0,0.0,0.0,0.8,0.5523723194166779,1.0,0.0,0.8724118320403473,1.0,0.47,1.0,1.0,2,1.0,0.0,0.0
0.3333333333333333,1.0,0.9,0.3190098081887408,1.0,0.66,0.98,1.0,1.0,0.0,0.0,0.71,1.0,1.0,1.0,1.0,0.0,0.0,0.53,0.4205793736458057,0.43,0.32856085549597436,0.7358460231349105,1.0,0.48,0.72,1.0,2,1.0,0.0,1.0
0.3333333333333333,1.0,1.0,0.6388936820180953,1.0,0.97,0.67,1.0,1.0,0.0,0.3101672708674994,0.0,1.0,1.0,0.0,1.0,0.0,0.0,0.35,0.2910610089528284,0.26,0.5709603013603353,0.7587621569675178,1.0,0.52,0.54,1.0,2,1.0,0.0,1.0
0.668664110769178,1.0,0.0,0.3331691658062476,1.0,0.94,0.97,1.0,1.0,0.0,0.48851191257592863,0.42,1.0,1.0,0.0,1.0,0.0,0.0,0.32,0.0,0.75,0.0,0.7596139086595743,1.0,0.53,0.23,1.0,2,1.0,0.0,1.0
0.3333333333333333,1.0,0.9,0.39101687512196265,0.88,0.98,0.95,1.0,1.0,0.0,0.0,0.37,1.0,1.0,0.0,0.9,0.0,0.0,0.3,0.0,0.7,0.08767840622814774,0.769509190364015,1.0,0.56,0.18,1.0,2,0.0,0.0,1.0
0.7207164196968143,0.0,0.8,0.5963353455937892,0.83,0.71,0.97,1.0,1.0,1.0,0.6500334610831354,0.89,0.98,1.0,0.0,1.0,0.0,0.0,0.16,0.0,0.88,0.0,1.0,1.0,0.47,0.14,1.0,2,1.0,0.0,1.0
0.5638041386385895,1.0,0.8,0.5699483288193843,1.0,1.0,0.98,1.0,1.0,0.0,0.05785640009976201,0.39,1.0,1.0,1.0,1.0,0.0,0.0,0.0,0.0,1.0,0.0,0.701071928115975,1.0,0.45,0.36,1.0,2,1.0,1.0,0.0
0.6854412552651962,1.0,0.3,0.20389748978174102,0.81,0.73,0.95,1.0,1.0,0.0,0.3484047731467251,0.56,0.98,1.0,0.0,1.0,0.0,0.0,0.99,0.0404250186978094,1.0,0.294829490238669,0.7009479201796457,1.0,0.44,0.11,1.0,2,1.0,0.0,0.0
0.6568226117868202,1.0,1.0,0.29983778237588665,0.97,0.76,1.0,0.4,1.0,0.0,0.07111403246145556,0.0,1.0,0.0,0.0,1.0,0.0,0.0,0.38,0.31713036551249274,0.67,0.2012473484555725,0.9477119615330223,1.0,0.42,0.35,1.0,2,1.0,0.0,1.0
0.68515827645334,0.0,1.0,0.0,1.0,0.72,0.97,0.5,1.0,0.0,0.25459495157319745,0.78,1.0,1.0,0.0,1.0,1.0,1.0,1.0,0.0,0.0,0.0,0.2097473788351486,1.0,0.0,0.41,1.0,2,1.0,0.0,0.0
0.6930100267463374,1.0,0.9,0.6939099241277015,1.0,0.43,0.95,0.6,1.0,0.0,0.5976321743410701,0.39,1.0,1.0,0.0,0.6,0.0,0.0,0.33,0.14749719256232074,0.45,0.07411691172080072,0.034542319502475716,0.0,0.56,0.02,1.0,2,1.0,1.0,1.0
0.6260794815956408,1.0,0.8,0.6620940750762208,0.97,0.75,0.96,1.0,1.0,0.0,0.6506746032163165,0.0,0.97,1.0,0.0,1.0,0.0,0.0,0.28,0.31359138494910244,0.09,0.0,0.7053764073771294,1.0,0.51,0.0,1.0,2,1.0,0.0,1.0
0.3996980712800321,0.0,0.1,0.2563389442061678,0.86,1.0,0.96,1.0,1.0,0.0,0.088588187427517,0.0,1.0,1.0,0.0,1.0,0.0,1.0,0.07,0.694399414777368,0.69,0.5448051955026695,0.0,1.0,0.54,0.21,1.0,2,0.0,0.0,1.0
0.6683033047302648,1.0,0.6,0.34856481122341954,1.0,0.85,0.65,0.5,0.4,0.0,0.555719450673217,0.0,1.0,1.0,0.0,1.0,1.0,0.0,0.32,0.5389014587696002,0.76,0.0,0.017898665052437753,1.0,0.51,0.85,1.0,2,1.0,1.0,1.0
0.6515188337841628,0.0,0.0,0.6081277388270445,1.0,0.88,1.0,0.2,1.0,1.0,0.11882724517075391,0.0,0.98,1.0,0.0,0.7,0.0,0.0,0.4,0.6359977060198089,1.0,0.6460432819313863,0.36213576266611247,0.0,0.58,0.06,1.0,2,1.0,0.0,1.0
0.6611063282888017,0.0,0.9,0.2807760973207676,0.8,1.0,0.95,1.0,1.0,0.0,0.35756223560293265,1.0,1.0,1.0,0.0,1.0,0.0,0.0,0.81,0.037314006521580845,0.0,0.0,0.37839159225644015,0.0,0.49,0.49,1.0,2,1.0,0.0,1.0
0.7002445279067747,1.0,0.4,0.3006836487778615,1.0,0.08,0.95,1.0,1.0,0.0,0.45952407228900904,0.93,0.96,1.0,0.0,1.0,0.0,0.0,0.34,0.0,0.0,0.0,1.0,0.0,0.5,0.7,1.0,2,1.0,0.0,0.0
0.3333333333333333,0.0,0.4,0.34005878073264745,1.0,1.0,1.0,1.0,0.7,0.0,0.015387310695124001,0.0,1.0,1.0,0.0,1.0,0.0,0.0,0.25,0.0,0.39,0.0,0.18016745886849855,1.0,0.51,0.53,1.0,2,1.0,0.0,1.0
0.43840891916241653,0.0,0.4,0.4544224291393568,0.79,0.95,0.97,0.9,1.0,0.0,0.3687195622751958,0.82,1.0,1.0,0.0,1.0,0.0,0.0,0.34,0.5672916646824558,0.81,0.3675663283991195,0.6993035027749659,1.0,0.54,0.45,1.0,2,1.0,0.0,0.0
0.6805308840294109,1.0,0.0,0.41814671850520774,0.89,0.95,0.97,0.4,1.0,1.0,0.28020414174917757,0.24,0.95,1.0,1.0,0.4,0.0,0.0,0.29,0.0,0.57,0.19621923167641428,0.5108825377554139,0.0,0.45,0.52,1.0,2,1.0,0.0,1.0
0.6667931876769143,1.0,0.0,0.6304813398792055,0.85,0.0,0.94,0.4,1.0,0.0,0.4174789365446919,0.21,1.0,1.0,0.0,1.0,0.0,0.0,1.0,0.0,0.73,0.6315143731046478,0.3377445079468475,1.0,0.44,0.2,1.0,2,1.0,0.0,0.0
0.3333333333333333,0.0,0.0,0.3811615754747287,1.0,0.98,0.94,1.0,1.0,1.0,0.26157955443497294,0.47,1.0,1.0,0.0,1.0,0.0,0.0,0.57,0.5458120600779376,0.77,0.23375467664347974,1.0,1.0,0.45,0.31,1.0,2,1.0,0.0,1.0
1.0,0.0,0.4,0.6456702190153724,1.0,0.7,0.95,1.0,1.0,0.0,0.40673363279001307,0.81,1.0,0.0,1.0,0.9,0.0,1.0,0.37,0.0,0.62,0.3926822185000674,0.0,1.0,0.49,1.0,1.0,2,1.0,0.0,1.0
0.8556388662779526,1.0,0.8,0.6223098505169491,0.5,0.97,0.58,1.0,1.0,0.0,0.27500422297901345,0.0,0.96,1.0,0.0,0.4,0.0,0.0,0.01,0.6004323532762321,0.71,0.3763319615464339,0.7489723066547678,1.0,0.56,0.1,1.0,2,1.0,0.0,1.0
0.8716294841071948,0.0,0.4,0.0,0.69,1.0,0.95,1.0,1.0,1.0,0.020941614015695775,0.44,1.0,1.0,0.0,0.9,1.0,0.0,0.26,0.15479664873326737,1.0,0.26804197192430634,1.0,1.0,0.43,0.12,1.0,2,1.0,0.0,0.0
0.3333333333333333,0.0,0.8,0.32998507000869226,0.95,0.95,1.0,1.0,1.0,1.0,0.6157824327671128,0.55,1.0,1.0,0.0,1.0,1.0,0.0,0.18,0.0,0.08,0.29612990659204125,0.35974575501998646,1.0,0.75,0.63,1.0,2,1.0,0.0,1.0
0.6534148385279118,0.0,0.5,0.5304268723254681,0.8,0.63,0.97,1.0,1.0,0.0,0.2606284604436289,0.0,1.0,1.0,0.0,0.5,0.0,0.0,0.01,0.0,0.32,0.6294556402100546,0.6986643748188711,1.0,0.57,0.63,1.0,2,1.0,0.0,1.0
0.6991452840988722,1.0,0.9,0.23853186805371052,0.81,1.0,0.82,1.0,1.0,0.0,0.04277385386460319,0.99,0.91,0.0,0.0,0.6,1.0,0.0,0.36,0.18513439020318614,0.65,0.25475569644760976,0.07896814250198003,1.0,0.13,0.0,1.0,2,1.0,0.0,1.0
0.638235982286813,1.0,0.8,0.3564777709835196,0.18,0.63,0.96,1.0,1.0,1.0,0.4464258726441994,0.67,1.0,1.0,0.0,0.3,0.0,0.0,0.21,0.0,0.43,0.02131794319237932,0.6892511839851503,1.0,0.52,0.0,1.0,2,1.0,0.0,1.0
0.6609061043558341,1.0,0.3,0.0,1.0,0.63,0.97,0.5,1.0,0.0,0.5783157244773801,0.19,1.0,1.0,0.0,1.0,0.0,0.0,0.2,0.0,0.28,0.0,0.3237489220103508,0.0,0.47,0.0,1.0,2,1.0,0.0,0.0
0.3927195323123154,0.0,0.0,0.3489961225083138,1.0,0.66,0.68,1.0,1.0,0.0,0.5611798724931206,0.1,0.66,1.0,0.0,0.9,0.0,0.0,0.29,0.0,0.79,1.0,0.7294013204869106,1.0,0.48,0.69,1.0,2,1.0,0.0,1.0
