Age,Gender,Where_live,AVG_Sleep_Per_Night,Regular_Bed_time,Exam_Night_Bed_Time,Holiday_Bed_Time,Regular_WakeUp_Time,Holiday_WakeUp_Time,Have_Regular_Bed_Time,Daytime_Nap,Struggle_to_Sleep,Sleep_Condition,Electronic_Devices_Before_Bed,Consume_Caffeine_Night,Dinnar_Time,Smoke,Sleep_Affecting_Drugs,Daily_Academics_Time_Spend,Main_Reason_for_Insufficient_Sleep,Rate_Sleep_Quality,Class_Attendance,Sleepiness_During_Class,Skip_Class_for_Sleep,Focus_on_Academic_Task,Impact_of_Sleep_on_Academic,Current_CGPA5,CGPA3_Class,Aware_of_Recomamended_Sleep,Use_Sleep_Tracking_Devices,Sacrifices_Sleep_for_Academics
0.6733840656186324,0.0,0.8,0.7622582173345819,1.0,1.0,1.0,0.5,1.0,0.0,0.12250477689785406,0.41,0.04,0.0,0.0,1.0,0.0,0.0,0.25,0.0,1.0,1.0,0.7256680088159917,1.0,0.04,0.0,1.0,1.0,1.0,0.0,0.0
0.3527724966986544,0.0,0.9,0.6060160103605869,0.83,1.0,1.0,0.5,1.0,0.0,0.3050820497116383,0.11,0.25,1.0,0.0,1.0,1.0,1.0,0.14,0.0,0.63,0.39759498802293214,0.22755609299968563,1.0,0.78,0.87,1.0,1.0,1.0,0.0,1.0
0.6674195853177508,0.0,0.0,0.6053785457305333,0.98,0.75,0.96,1.0,1.0,1.0,0.26062039990882907,0.9,1.0,1.0,0.0,1.0,0.0,0.0,0.46,0.14265067713597582,0.67,0.5606400867029667,0.593928683681132,1.0,0.8,0.35,1.0,1.0,1.0,0.0,1.0
0.6645181681960296,0.0,0.4,0.6299210740154664,1.0,0.97,0.94,0.6,1.0,0.0,1.0,0.47,0.6,0.0,0.0,1.0,0.0,0.0,0.23,0.14598436330225997,0.64,0.33708756483084523,0.05666906014675273,0.0,0.58,0.34,1.0,1.0,1.0,0.0,0.0
0.36711116723741016,0.0,0.0,0.6100396599356349,1.0,1.0,0.98,0.6,1.0,0.0,0.38133947405447605,0.87,0.93,1.0,0.0,1.0,0.0,0.0,0.13,0.5506910943876446,0.67,0.12121145454110868,0.0,1.0,0.47,0.3,1.0,1.0,1.0,0.0,1.0
0.6880108121308237,0.0,0.0,0.6180234886776591,1.0,0.81,1.0,0.9,1.0,0.0,0.0,0.0,1.0,1.0,0.0,1.0,0.0,0.0,0.62,0.0,0.25,0.422031867294529,0.6879407708444767,1.0,0.53,0.52,1.0,1.0,1.0,0.0,0.0
0.3333333333333333,0.0,0.9,0.5939206212163661,1.0,1.0,1.0,0.5,1.0,0.0,0.35972307709564044,0.36,0.75,1.0,0.0,1.0,1.0,1.0,0.27,0.25390957686179094,0.68,0.45084446599492267,0.0,1.0,0.47,0.13,1.0,1.0,1.0,0.0,0.0
0.6739656688294227,1.0,0.9,0.7742341471514379,1.0,0.99,1.0,0.5,1.0,0.0,0.3114646778612263,0.8,1.0,0.0,0.0,1.0,0.0,0.0,0.0,0.31600668995863956,0.78,0.07115331275541861,0.0,1.0,0.83,0.32,1.0,1.0,1.0,0.0,1.0
0.6905740301795337,0.0,0.0,0.7043266047887273,0.79,0.65,0.98,0.5,1.0,0.0,0.37403619378276676,0.98,0.94,1.0,0.0,0.9,0.0,0.0,0.64,0.0,1.0,0.055545764771774864,0.5493243766665354,1.0,0.0,0.26,1.0,1.0,1.0,0.0,1.0
0.6537613275666732,1.0,0.9,0.6588248696152462,1.0,0.98,0.99,0.9,1.0,0.0,0.3645991757972316,0.37,0.71,0.0,0.0,1.0,1.0,1.0,0.28,0.04883893258865421,0.83,0.18058380467596702,0.7207465795138379,0.0,0.55,0.23,1.0,1.0,1.0,0.0,1.0
0.3333333333333333,1.0,0.4,0.7583838641354332,1.0,1.0,0.98,0.4,1.0,1.0,0.17082261869582613,0.74,1.0,1.0,0.0,1.0,0.0,0.0,0.0,0.48678834571267093,1.0,0.07303695355005405,0.3059816309685484,0.0,0.09,0.53,1.0,1.0,1.0,0.0,1.0
0.3333333333333333,0.0,0.0,0.7756710730925198,1.0,0.64,1.0,0.5,1.0,0.0,0.6578098584719151,0.37,0.58,1.0,0.0,1.0,0.0,1.0,0.21,0.04537366747921057,0.73,0.12374753480909984,0.57180148510817,1.0,0.56,0.0,1.0,1.0,1.0,0.0,1.0
0.65225528918715,0.0,1.0,0.45465171813783256,1.0,1.0,1.0,0.5,1.0,0.0,0.3749745797225198,1.0,1.0,1.0,1.0,1.0,0.0,0.0,0.2,0.3402546145927237,0.84,0.0,0.0,1.0,0.25,0.46,1.0,1.0,1.0,0.0,1.0
0.6580908928649771,0.0,0.9,0.7564626107044901,1.0,1.0,0.97,1.0,1.0,0.0,0.33589386665044424,0.28,0.99,1.0,0.0,1.0,0.0,0.0,0.19,0.0,1.0,0.3847953751727357,0.6054437118834534,1.0,0.21,0.0,1.0,1.0,1.0,0.0,1.0
0.685289634363361,0.0,0.4,0.6692186495921901,0.9,0.73,0.98,0.7,0.4,0.0,1.0,0.74,0.49,1.0,0.0,1.0,0.0,1.0,0.26,0.18182138140616183,1.0,0.2404092848920002,0.6477197108295657,1.0,0.52,0.56,1.0,1.0,1.0,0.0,1.0
0.444555288161051,0.0,0.4,0.6592269685198078,1.0,1.0,0.99,0.5,1.0,0.0,0.2977081740267496,0.67,1.0,1.0,0.0,1.0,0.0,1.0,1.0,0.009197993110016345,0.81,0.7710963056634389,0.19167038434132633,1.0,0.5,0.0,1.0,1.0,1.0,0.0,1.0
0.6492386437603719,1.0,0.8,1.0,0.75,0.86,1.0,0.4,1.0,0.0,0.34330637967617367,0.0,1.0,1.0,0.0,1.0,1.0,0.0,0.42,0.18044859990556122,1.0,0.19479774726032922,0.0,1.0,0.83,0.0,1.0,1.0,1.0,0.0,1.0
0.6650237099943388,0.0,0.5,1.0,1.0,0.81,1.0,0.5,1.0,0.0,0.6326470651312041,0.67,1.0,1.0,0.0,1.0,0.0,0.0,0.16,0.005070791359364224,0.48,0.4308882579744922,0.35358351409501687,1.0,0.74,0.28,1.0,1.0,1.0,0.0,1.0
0.3383377684963212,0.0,0.0,0.63519785962499,1.0,1.0,1.0,0.5,1.0,0.0,0.30827445224847794,0.36,0.9,1.0,0.0,0.5,0.0,0.0,0.26,0.0,1.0,0.36573096439598707,0.5869876115007765,1.0,0.57,0.0,1.0,1.0,0.0,0.0,1.0
0.6841325575031225,0.0,0.4,0.2991625104515098,0.78,0.78,0.98,0.5,1.0,0.0,0.41970536991316376,0.0,1.0,1.0,0.0,1.0,1.0,0.0,1.0,0.0,0.78,0.7914353489418395,0.0,1.0,0.48,0.28,1.0,1.0,1.0,0.0,1.0
0.6892392082560594,0.0,0.0,0.018454671498079285,0.77,0.51,0.98,1.0,1.0,0.0,0.01826853669568012,0.19,0.22,0.0,1.0,1.0,1.0,0.0,0.31,0.6309936377716849,0.8,0.16708303396274632,0.2645064734954532,1.0,0.75,0.04,1.0,1.0,1.0,0.0,0.0
0.7734981357770856,0.0,1.0,0.7702072480408597,1.0,0.85,0.48,1.0,1.0,0.0,0.36205180719719,0.0,0.47,0.0,0.0,1.0,0.0,1.0,0.62,0.08910207078122631,1.0,0.44105841017825315,0.0,1.0,0.78,0.1,1.0,1.0,0.0,0.0,1.0
0.4455110297286524,0.0,0.0,0.3193126196972925,1.0,1.0,1.0,0.5,1.0,1.0,0.3895742910687626,0.0,0.74,1.0,0.0,1.0,0.0,0.0,0.3,0.0,0.53,0.7596876117143987,0.39318796697526165,0.0,0.82,0.4,1.0,1.0,1.0,0.0,1.0
0.6689408889822879,0.0,0.0,0.2153879067399403,1.0,1.0,0.97,0.5,1.0,0.0,0.4039522286559376,0.44,1.0,1.0,0.0,0.6,0.0,1.0,0.25,0.1426912344968755,0.82,0.148088721782149,0.5997901961075006,1.0,0.71,0.1,1.0,1.0,1.0,0.0,1.0
0.6900811488401953,0.0,0.0,0.7033922633038853,0.86,1.0,1.0,1.0,0.4,0.0,0.13564644705966505,0.94,0.36,0.0,0.0,0.6,0.0,0.0,0.38,0.0,0.82,0.3499794327462144,0.5720376897034403,0.0,0.82,0.84,1.0,1.0,1.0,0.0,1.0
0.4484027202817748,0.0,0.5,0.6348001982701452,1.0,1.0,1.0,0.6,1.0,0.0,0.03338910313415992,0.39,0.77,1.0,1.0,1.0,0.0,0.0,0.37,0.3153091948193343,0.31,0.3690610690373143,0.34835065659354447,1.0,0.58,0.0,1.0,1.0,1.0,1.0,0.0
0.6523407392898652,1.0,0.9,0.7093045909386515,1.0,1.0,0.99,0.6,1.0,0.0,0.3825632176950715,0.48,0.46,0.0,1.0,1.0,0.0,0.0,0.6,0.4318803450089095,0.84,1.0,0.5701791834787894,0.0,0.48,0.38,1.0,1.0,1.0,0.0,1.0
0.6631681645462482,0.0,0.0,0.7497353342323108,0.99,0.81,0.99,0.6,1.0,0.0,0.30116343019682223,0.81,0.66,1.0,1.0,1.0,0.0,0.0,0.22,0.31737118022201605,0.79,0.826510708800946,0.20701702770090635,0.0,0.73,0.28,1.0,1.0,1.0,0.0,0.0
0.678164080381456,0.0,0.0,0.7106727254127975,0.82,0.87,1.0,0.5,1.0,1.0,0.38838998312759687,0.61,0.99,1.0,0.0,0.6,1.0,1.0,0.14,0.256466195962492,0.84,0.3949966115013851,0.22388567639770765,0.0,0.0,0.43,1.0,1.0,1.0,0.0,1.0
0.6948946379844635,0.0,0.8,0.6370418976904614,0.77,0.8,0.97,0.6,1.0,0.0,0.3461792726759625,0.42,0.52,0.0,1.0,1.0,1.0,0.0,0.0,0.10510454146026652,0.89,0.428029726225734,0.5774492739160405,0.0,0.5,0.24,1.0,1.0,1.0,0.0,1.0
0.6899134057117539,1.0,0.4,0.05888210648837596,1.0,0.59,0.99,0.4,1.0,1.0,0.3170792207508617,0.2,1.0,1.0,0.0,1.0,0.0,1.0,0.25,0.0,0.81,0.7695889915203995,0.0,0.0,0.49,0.45,1.0,1.0,1.0,0.0,1.0
0.3333333333333333,0.0,0.4,0.730683929764689,1.0,1.0,0.98,0.3,1.0,0.0,0.06946553691177784,0.36,0.84,1.0,0.0,1.0,0.0,0.0,0.19,0.13623016608841157,0.29,0.0049593107033057676,0.7065133463959558,0.0,0.81,0.0,1.0,1.0,1.0,0.0,1.0
0.6513971315970538,0.0,0.5,0.6289379494897096,0.8,0.7,0.96,0.5,1.0,0.0,0.41105368571341483,0.93,0.7,1.0,1.0,1.0,1.0,0.0,0.28,0.0,0.86,0.0,0.22270607394224373,0.0,0.9,0.0,1.0,1.0,1.0,0.0,0.0
0.6578597455594407,0.0,0.5,0.6483256786620447,0.99,0.75,0.95,0.6,1.0,0.0,0.4084867645996653,0.0,1.0,1.0,0.0,1.0,0.0,1.0,0.3,0.0384287925683183,0.87,0.7054085534380704,0.42852193756591084,1.0,0.58,0.21,1.0,1.0,1.0,0.0,1.0
0.6542851987520181,0.0,0.5,1.0,0.5,1.0,0.99,0.6,1.0,0.0,0.395393855199653,0.78,0.21,1.0,1.0,1.0,0.0,0.0,0.43,0.5388030275633087,0.8,0.08695564854345723,0.6226227115190518,0.0,0.27,0.0,1.0,1.0,1.0,1.0,1.0
0.3333333333333333,0.0,0.0,0.3032558413660304,0.42,0.75,0.98,0.6,0.5,0.0,0.3720067830893111,0.68,1.0,1.0,1.0,1.0,0.0,0.0,0.34,0.025698163834639798,0.89,0.07480348134904997,0.7288084232884506,1.0,0.56,0.0,1.0,1.0,1.0,0.0,1.0
1.0,1.0,0.9,0.0,1.0,1.0,1.0,0.6,1.0,0.0,0.35325385880509186,0.0,0.46,1.0,0.0,0.6,0.0,0.0,0.21,0.0,0.9,1.0,0.0629780994862215,1.0,0.55,0.65,1.0,1.0,1.0,1.0,1.0
1.0,1.0,0.9,0.2533565910744595,1.0,0.81,1.0,0.5,1.0,0.0,0.20366194394774553,0.0,1.0,1.0,0.0,1.0,0.0,0.0,0.3,0.0,0.57,1.0,0.5430760705954054,0.0,0.02,0.0,1.0,1.0,1.0,0.0,1.0
0.6853711279400991,0.0,0.9,0.07597504733426533,1.0,1.0,0.97,0.5,1.0,0.0,0.41532615796260924,0.74,0.56,1.0,0.0,1.0,0.0,0.0,0.16,0.13401252089862173,0.9,0.6772150198036244,0.23682643979472123,1.0,0.82,0.0,1.0,1.0,1.0,0.0,1.0
0.6696926289179385,0.0,0.4,0.0,1.0,1.0,0.96,0.6,1.0,0.0,1.0,0.64,1.0,1.0,0.0,1.0,0.0,0.0,0.27,0.0,0.78,0.4235570182451364,0.1913551898026616,1.0,0.29,0.0,1.0,1.0,1.0,0.0,1.0
0.42538524950367745,0.0,0.0,0.7412433688180724,1.0,0.97,1.0,0.5,1.0,0.0,0.3714970338092912,0.73,0.54,1.0,0.0,1.0,0.0,0.0,0.24,0.1412052698776506,0.65,0.0,0.20142482077957213,0.0,0.67,0.18,1.0,1.0,1.0,0.0,1.0
0.6828771362016499,1.0,0.4,0.9818301474045341,1.0,1.0,1.0,1.0,1.0,0.0,0.38712810198140385,0.0,1.0,1.0,0.0,1.0,0.0,0.0,0.19,0.09330245071676624,1.0,0.17129205078815696,0.6770335811642103,1.0,0.2,0.34,1.0,1.0,1.0,0.0,0.0
0.678885904094444,0.0,1.0,0.40023261466425586,1.0,1.0,0.65,0.5,1.0,1.0,0.1645207087913386,0.07,0.85,1.0,1.0,1.0,1.0,0.0,0.84,0.0,0.73,0.6804324506848483,0.5654078966276983,1.0,0.53,0.0,1.0,1.0,1.0,1.0,1.0
0.6500913341509361,0.0,0.9,0.0,0.77,0.25,0.98,1.0,1.0,0.0,0.2624087367070281,0.69,0.93,0.0,0.0,1.0,0.0,0.0,0.0,0.0,1.0,0.33624242282761774,1.0,0.0,0.11,0.0,1.0,1.0,1.0,0.0,1.0
0.6660928337444361,0.0,0.5,0.7021154092163023,0.77,1.0,1.0,0.6,0.9,0.0,0.0,0.52,0.0,1.0,1.0,1.0,0.0,0.0,0.48,0.6641950627083437,0.89,0.35471182458748923,0.4760843229089289,1.0,0.83,0.65,1.0,1.0,0.0,0.0,0.0
0.6990368994427928,0.0,0.9,0.748940189335783,0.7,1.0,0.99,0.5,1.0,0.0,0.35194904693998935,0.0,0.99,1.0,1.0,0.6,0.0,0.0,0.22,0.36077354607096945,0.88,0.022126077600544317,0.9960074366829006,1.0,0.5,0.26,1.0,1.0,1.0,0.0,0.0
0.4384472090687991,0.0,0.0,0.7150960500767465,0.79,0.99,0.97,0.5,1.0,0.0,0.3717312108306564,0.44,1.0,1.0,1.0,1.0,0.0,0.0,0.2,0.0,0.9,0.38531409123528754,0.24050076695406097,0.0,0.89,0.37,1.0,1.0,1.0,1.0,1.0
0.3333333333333333,0.0,0.4,0.7071782478069938,0.41,1.0,0.0,0.6,1.0,0.0,0.3857389304805453,0.82,1.0,1.0,0.0,1.0,1.0,0.0,0.21,0.1713037114385052,0.6,0.5091787109436243,0.0,0.0,0.55,0.0,1.0,1.0,1.0,0.0,1.0
0.4039306925554302,1.0,0.4,0.3590220789335567,0.77,0.97,0.96,1.0,1.0,0.0,0.9606357037191644,0.0,1.0,1.0,1.0,1.0,0.0,0.0,0.18,0.2418140690341063,1.0,0.3247137477430001,0.057371887337866315,0.0,0.15,0.5,1.0,1.0,1.0,0.0,1.0
0.6596202964645458,1.0,0.4,0.7236759352087916,0.76,1.0,0.98,0.6,1.0,0.0,0.028069786175405793,0.8,0.92,1.0,0.0,1.0,0.0,0.0,0.16,0.0,0.82,0.30865724411795903,0.5433276762688324,0.0,0.79,0.0,1.0,1.0,1.0,0.0,1.0
0.6900880249158728,0.0,0.9,0.6477455565539775,1.0,1.0,0.98,1.0,1.0,1.0,0.40650965213462265,0.0,0.96,1.0,1.0,1.0,0.0,1.0,0.3,0.16271570638045207,0.9,0.0074647480778461985,0.6804376693190998,0.0,0.51,0.57,1.0,1.0,1.0,0.0,0.0
0.6833235531314602,0.0,0.4,0.6858147565789936,0.68,1.0,0.98,0.5,1.0,0.0,0.6284047956870084,0.71,1.0,1.0,0.0,1.0,0.0,0.0,0.33,0.0,0.61,0.1620714543378433,0.14401754443219525,1.0,0.87,0.31,1.0,1.0,1.0,0.0,1.0
0.6455903630534019,0.0,0.4,0.7439078990462731,0.76,0.99,1.0,0.4,1.0,0.0,0.3075858430885212,0.0,0.63,1.0,0.0,1.0,1.0,0.0,0.1,0.07204311998100624,0.63,0.8265963123095539,0.3226790857563612,1.0,0.72,0.54,1.0,1.0,1.0,0.0,1.0
0.6793411950437529,1.0,0.0,0.7111872100148846,1.0,1.0,0.98,0.5,0.9,0.0,0.4134354917349655,0.0,1.0,1.0,0.0,1.0,1.0,1.0,0.22,0.14729112975685585,0.81,1.0,0.6824404875866541,0.0,0.0,0.46,1.0,1.0,1.0,0.0,1.0
0.6858885682437701,0.0,0.9,0.6911667638239134,0.84,0.83,1.0,0.9,1.0,0.0,0.41722271505094416,0.95,0.6,1.0,0.0,1.0,0.0,0.0,0.31,0.0,0.83,1.0,0.14378511067762736,1.0,0.5,0.41,1.0,1.0,1.0,0.0,1.0
0.6819548353852668,1.0,0.0,0.0,1.0,1.0,0.97,0.6,1.0,0.0,0.3992931640812157,0.0,0.23,0.0,0.0,1.0,0.0,0.0,0.39,0.5017735954275974,0.89,0.06063389682665332,0.6863049005040206,0.0,0.53,0.42,1.0,1.0,1.0,0.0,1.0
0.3927857830973438,0.0,0.8,0.7798228859491981,0.69,0.99,0.95,0.7,1.0,0.0,0.3972074136125111,0.83,0.5,1.0,1.0,1.0,0.0,0.0,0.64,0.337002853374745,0.62,0.380284401787244,0.0,0.0,0.54,0.26,1.0,1.0,1.0,0.0,1.0
0.652260919262537,0.0,0.4,0.01893966680210251,0.64,0.83,1.0,0.6,0.6,0.0,0.8346576618152703,0.92,1.0,1.0,1.0,1.0,0.0,0.0,1.0,0.338479219572009,0.84,0.3116655118542041,0.5994241824249089,0.0,0.65,0.0,1.0,1.0,1.0,0.0,1.0
0.3578635952811383,0.0,0.0,0.6284471540460911,1.0,0.82,1.0,1.0,0.5,0.0,0.3662714209126146,0.68,0.94,1.0,0.0,1.0,0.0,0.0,0.5,0.4482784640222475,0.7,0.1686801583093244,0.3146445443810295,0.0,0.53,0.0,1.0,1.0,1.0,1.0,0.0
0.6686506179110578,0.0,0.9,0.7124732437069408,1.0,1.0,0.98,1.0,1.0,0.0,0.2907330734816765,0.54,0.95,0.0,1.0,1.0,0.0,0.0,0.49,0.0,0.84,0.5866771300334123,0.014789522855633681,1.0,0.89,0.07,1.0,1.0,1.0,0.0,0.0
0.6754675246927199,0.0,0.4,0.0410430199746912,0.81,1.0,1.0,0.5,1.0,0.0,0.8325573511407278,0.17,0.0,1.0,1.0,1.0,0.0,0.0,1.0,0.13899205331228592,0.76,0.3155937143751333,0.6368590297782832,0.0,0.56,0.45,1.0,1.0,1.0,0.0,0.0
0.3509595225412844,0.0,1.0,0.7141669896428072,1.0,1.0,0.96,1.0,0.5,0.0,0.8020168769824518,0.39,0.62,1.0,0.0,1.0,1.0,0.0,0.29,0.0,0.77,0.7109486903038867,0.0,0.0,0.51,0.33,1.0,1.0,1.0,0.0,1.0
0.665514570994426,1.0,0.5,0.21077090542799282,0.99,1.0,1.0,0.5,1.0,0.0,0.3907887452751912,0.0,0.0,1.0,0.0,1.0,0.0,1.0,0.12,0.18109497651500567,0.58,1.0,0.5347577414027727,0.0,0.7,0.55,1.0,1.0,1.0,0.0,1.0
0.3823772723129119,0.0,0.4,0.2813293217564094,0.96,0.55,0.95,0.6,1.0,0.0,0.4151391751858877,0.54,0.75,1.0,1.0,1.0,0.0,0.0,0.16,1.0,0.87,0.36275095475762276,0.4504150573816746,0.0,0.48,0.0,1.0,1.0,0.0,0.0,1.0
0.3720792572115743,0.0,0.4,0.24373146310872612,0.88,0.84,1.0,1.0,1.0,0.0,0.3753423206814799,0.64,0.0,1.0,0.0,1.0,1.0,1.0,0.17,0.04188387460371995,0.75,0.7365432426054301,0.6580575585260217,1.0,0.55,1.0,1.0,1.0,1.0,0.0,1.0
0.35020320182536213,0.0,1.0,0.38917895284129306,0.83,1.0,1.0,0.6,1.0,0.0,0.35654018444097696,0.4,0.78,1.0,0.0,1.0,1.0,0.0,0.63,0.0,0.8,0.43833547559315933,0.642941257058842,1.0,0.91,0.16,1.0,1.0,1.0,0.0,0.0
0.3724518569784017,0.0,0.0,0.0,0.8,1.0,0.99,1.0,1.0,0.0,0.2885937939498407,0.9,1.0,1.0,0.0,1.0,0.0,0.0,0.0,0.3326008006961524,0.87,1.0,0.5683261809230064,1.0,0.84,0.17,1.0,1.0,1.0,0.0,0.0
0.3777242206977946,0.0,0.4,0.0,1.0,0.99,1.0,0.5,0.9,0.0,0.31130133354082834,0.36,1.0,1.0,0.0,1.0,1.0,0.0,0.16,0.14733489119530221,0.89,0.4182926143295388,0.5616853082656651,0.0,0.54,0.44,1.0,1.0,1.0,0.0,1.0
0.637451432148908,0.0,0.0,0.714504501250375,0.83,1.0,1.0,0.5,1.0,0.0,0.35011177964991586,0.84,1.0,1.0,0.0,1.0,0.0,0.0,0.99,0.0,0.79,0.8537201670518244,0.9425780461320594,0.0,0.77,0.35,1.0,1.0,1.0,1.0,0.0
0.6369945680902999,1.0,0.4,0.196361280407299,1.0,0.74,0.99,1.0,1.0,0.0,1.0,0.64,1.0,1.0,0.0,1.0,1.0,0.0,0.0,0.0,0.83,0.3217491400604374,0.0,0.0,0.7,0.0,1.0,1.0,1.0,0.0,1.0
0.6488714387880313,0.0,0.0,0.6837627371262655,1.0,0.54,1.0,1.0,1.0,0.0,0.8035455622216976,0.39,0.79,1.0,0.0,1.0,0.0,0.0,0.0,0.0,0.78,0.1930387111675454,0.6225707780326872,1.0,0.5,0.73,1.0,1.0,0.0,0.0,0.0
0.3333333333333333,1.0,0.5,0.7826714972530574,1.0,1.0,1.0,1.0,1.0,0.0,0.14427529753890014,0.0,0.73,1.0,0.0,1.0,0.0,0.0,0.46,0.0,0.84,0.0,0.16760051212143592,1.0,0.75,0.15,1.0,1.0,1.0,0.0,1.0
0.9747287741904619,0.0,0.9,0.7211636689231224,0.49,1.0,0.96,1.0,1.0,0.0,0.3691970201227224,0.87,0.14,1.0,0.0,1.0,1.0,1.0,0.13,0.27192322940826225,0.88,0.36507696179380006,0.6298021063534006,0.0,0.79,0.0,1.0,1.0,1.0,0.0,1.0
0.6674370968474336,0.0,0.5,0.08129610334498133,0.61,1.0,1.0,1.0,1.0,0.0,0.37113424986876103,0.3,0.71,1.0,0.0,0.5,0.0,0.0,0.0,0.0,0.6,0.6422601315543356,0.37271556048218935,1.0,0.52,0.6,1.0,1.0,1.0,1.0,1.0
0.6617049944131052,1.0,0.4,0.34782099523863086,1.0,1.0,0.97,0.9,1.0,0.0,0.06256858066454463,1.0,0.0,1.0,0.0,1.0,0.0,1.0,0.21,0.0,0.89,0.8252063710461095,0.26110003457917397,1.0,0.46,0.33,1.0,1.0,1.0,1.0,1.0
0.6859560124207178,0.0,0.4,0.37689261487589565,0.83,1.0,0.98,0.6,1.0,0.0,0.053859409224402695,0.0,0.28,0.0,0.0,1.0,0.0,1.0,0.22,0.4128346175375284,0.63,0.6120834540256477,0.0,0.0,0.85,0.0,1.0,1.0,1.0,0.0,0.0
0.7034480635084912,0.0,0.5,0.6244038383353582,0.74,0.96,0.99,0.6,1.0,0.0,0.0,0.0,0.67,1.0,1.0,1.0,0.0,0.0,0.19,0.0,0.65,0.835325937608742,0.2629250778412272,0.0,0.54,0.22,1.0,1.0,1.0,0.0,1.0
0.6859601087484705,0.0,0.5,0.7152068276764909,0.85,0.79,1.0,0.5,1.0,0.0,0.3875339712606278,0.31,0.0,1.0,0.0,1.0,0.0,1.0,0.25,0.0,0.72,0.0688435949414875,0.5853634906395624,1.0,0.67,0.82,1.0,1.0,1.0,0.0,1.0
1.0,0.0,0.0,0.2177353304187684,1.0,1.0,0.96,0.5,1.0,0.0,0.857002194855903,0.72,1.0,1.0,0.0,1.0,1.0,0.0,0.57,0.39460453035840226,0.77,0.00899649235423283,0.5840848859065999,0.0,0.87,0.18,1.0,1.0,1.0,0.0,1.0
0.6909680485894996,0.0,0.0,0.16926839946221187,0.51,1.0,0.98,0.5,0.4,0.0,0.0,0.46,1.0,1.0,0.0,0.6,0.0,0.0,0.0,0.0,0.79,1.0,1.0,0.0,0.85,0.0,1.0,1.0,1.0,0.0,0.0
0.3333333333333333,1.0,0.0,0.7450382928778858,1.0,1.0,0.64,0.6,1.0,0.0,0.994019556773884,0.37,1.0,1.0,0.0,0.5,0.0,1.0,0.0,0.0,1.0,1.0,0.0,1.0,0.62,0.19,1.0,1.0,1.0,0.0,0.0
0.6967874943038637,0.0,0.5,0.6511146058668443,1.0,1.0,1.0,0.6,0.3,0.0,0.35728418269414275,0.0,0.35,1.0,1.0,1.0,1.0,0.0,0.0,0.0,0.89,0.22274405724710233,0.7574071943086365,1.0,0.31,0.17,1.0,1.0,1.0,0.0,1.0
0.6772603989898942,0.0,0.6,0.6358746454130909,0.67,0.77,0.99,0.6,0.8,0.0,1.0,0.66,0.95,1.0,0.0,1.0,0.0,0.0,0.2,0.0,1.0,0.2726115607092673,0.3043622173456414,1.0,0.55,0.71,1.0,1.0,1.0,0.0,0.0
0.6817798945013342,0.0,0.0,0.33658959330721044,0.85,0.72,0.99,1.0,0.9,0.0,0.17909738571503614,0.0,1.0,1.0,1.0,1.0,0.0,0.0,0.0,0.6248464860987204,0.91,0.0921833996985288,0.5931588990458747,1.0,0.5,0.05,1.0,1.0,1.0,0.0,0.0
0.6763133552951921,0.0,0.4,0.34925097585660636,1.0,0.8,1.0,1.0,0.6,0.0,0.4076455717377614,0.57,0.24,1.0,0.0,1.0,0.0,1.0,0.99,0.5236494379798364,0.81,0.057313662836888636,0.09545242779597032,0.0,0.81,0.01,1.0,1.0,1.0,0.0,1.0
0.6937827496728891,1.0,0.4,0.7810391813192322,1.0,1.0,1.0,1.0,1.0,0.0,0.39181959690770646,0.0,0.77,1.0,0.0,1.0,0.0,0.0,0.28,0.18494924241854976,1.0,0.8325850403406052,0.5124276098174583,0.0,0.57,0.41,1.0,1.0,1.0,0.0,1.0
0.3779953868748341,0.0,0.9,0.6377807202680179,0.99,0.97,0.96,0.6,1.0,0.0,0.07301295112706416,0.0,1.0,0.0,1.0,1.0,0.0,0.0,0.0,0.041513232805677175,0.8,0.6952279577052196,0.0216512252578282,1.0,0.53,0.55,1.0,1.0,1.0,1.0,1.0
0.3969248116412489,0.0,0.8,0.3394741595793699,0.62,1.0,1.0,1.0,1.0,0.0,0.0,0.56,1.0,1.0,0.0,1.0,0.0,0.0,0.19,0.08780462193145006,0.85,0.3339800604896328,0.0,1.0,0.85,0.0,1.0,1.0,1.0,0.0,1.0
0.6646388349428504,0.0,0.9,0.0,0.82,1.0,0.99,0.9,1.0,0.0,0.2750897673832735,0.0,1.0,1.0,0.0,1.0,1.0,0.0,0.24,0.504184235365793,0.87,0.6752534983726833,0.5571438094412476,1.0,0.83,0.0,1.0,1.0,1.0,0.0,1.0
0.6402494031673939,0.0,0.0,0.573085230633311,0.79,1.0,0.98,0.5,1.0,0.0,0.7102549609818838,0.51,1.0,1.0,0.0,1.0,0.0,0.0,0.0,0.2747166428159464,0.81,0.9185614426062864,0.27465071236335487,1.0,0.59,0.0,1.0,1.0,1.0,0.0,0.0
0.6905792557798808,1.0,0.9,0.6758274080354295,0.63,1.0,1.0,0.5,0.5,0.0,0.3748505042346557,0.64,0.95,0.0,0.0,1.0,0.0,1.0,0.2,0.07557694130140546,0.84,0.13268533312142466,0.7231204800277653,1.0,0.8,0.0,1.0,1.0,1.0,0.0,0.0
0.6606484143306594,0.0,0.4,0.6474237125086207,0.99,1.0,1.0,0.6,1.0,0.0,0.3845552991922968,0.81,0.85,1.0,1.0,1.0,0.0,0.0,0.07,0.0,0.39,0.04146999872101439,0.3081794184354638,1.0,0.53,0.12,1.0,1.0,0.0,0.0,1.0
0.6675418853191736,0.0,1.0,0.45110209471393903,1.0,1.0,0.99,0.6,1.0,0.0,0.39363232864053,0.79,1.0,1.0,0.0,1.0,0.0,0.0,0.05,0.0,0.84,0.6963795417897304,0.25460045324896446,1.0,0.5,0.53,1.0,1.0,1.0,0.0,1.0
0.6502434574848855,0.0,0.5,0.37559584209649305,1.0,1.0,0.99,0.5,1.0,0.0,0.42153991987534567,0.82,1.0,1.0,0.0,1.0,0.0,0.0,0.24,0.4073513636222018,0.87,0.6543186355745156,0.0,0.0,0.75,0.0,1.0,1.0,1.0,0.0,1.0
0.6755959611268101,0.0,0.0,0.711295698270172,1.0,0.88,1.0,0.6,1.0,0.0,0.3863435642578732,0.0,0.93,1.0,0.0,1.0,0.0,1.0,0.0,0.11784573996700126,1.0,1.0,0.25626175924484157,0.0,0.52,0.0,1.0,1.0,1.0,0.0,1.0
0.6712141557732956,0.0,0.0,1.0,1.0,0.82,1.0,1.0,1.0,0.0,1.0,0.45,0.02,1.0,1.0,1.0,0.0,0.0,0.21,0.0,0.78,0.13942825431486042,0.7469044339853363,0.0,0.56,0.0,1.0,1.0,1.0,0.0,0.0
0.3333333333333333,0.0,0.4,0.5404106574454116,0.98,0.83,1.0,0.5,1.0,0.0,0.018814612637514726,0.37,0.58,1.0,0.0,1.0,0.0,0.0,0.17,0.0,0.84,0.3453403627898773,0.8780881491675946,1.0,0.56,0.0,1.0,1.0,1.0,0.0,0.0
0.6805202940768827,0.0,0.4,0.6105847506281812,0.62,0.68,1.0,0.4,1.0,0.0,0.01598871292827798,0.57,0.5,0.0,0.0,1.0,0.0,1.0,0.24,0.0,0.79,0.844837297985887,0.23539409120813837,1.0,0.55,0.0,1.0,1.0,1.0,0.0,1.0
0.4052517643975149,1.0,0.0,0.3080684631295597,0.83,0.99,1.0,0.9,1.0,0.0,0.3471579967741831,0.57,0.0,1.0,0.0,0.5,0.0,0.0,0.51,0.0,0.62,0.14170650420839687,0.2876760769632001,0.0,0.77,0.0,1.0,1.0,1.0,0.0,0.0
0.6877864153508266,0.0,0.4,1.0,1.0,1.0,1.0,0.6,0.4,0.0,0.3865199226652608,0.0,1.0,1.0,1.0,1.0,0.0,0.0,0.0,0.38201146519548485,0.76,0.14758238435144844,0.9555356079925011,0.0,0.87,0.13,1.0,1.0,1.0,0.0,0.0
0.6930769081531706,0.0,0.0,0.6528324288161383,0.99,1.0,1.0,0.6,1.0,0.0,0.3036968401513902,0.0,0.2,1.0,0.0,0.5,1.0,0.0,0.23,0.03244608004760552,0.79,0.8041347552699756,0.5296869577644299,1.0,0.46,0.04,1.0,1.0,1.0,0.0,1.0
0.36145764010304227,0.0,0.0,0.3281566730907674,1.0,1.0,1.0,0.9,0.5,0.0,0.3622943000073479,0.79,0.93,1.0,1.0,1.0,1.0,0.0,0.72,0.033577524534834285,0.83,0.414560494856242,0.5266520850088064,1.0,0.76,0.11,1.0,1.0,1.0,0.0,1.0
0.3333333333333333,0.0,0.5,0.33032654218070895,1.0,1.0,0.97,0.5,1.0,0.0,0.10859844159918064,0.0,0.43,1.0,1.0,1.0,0.0,0.0,0.17,0.0,0.58,0.8449520549822619,0.549062827610452,1.0,0.89,0.12,1.0,1.0,0.0,0.0,1.0
0.6794240147014102,0.0,0.9,0.7532953937774816,1.0,0.97,1.0,0.6,1.0,0.0,0.4037567831250838,0.0,0.63,1.0,1.0,0.6,0.0,0.0,0.0,0.0,0.86,0.0,0.2494740138233091,0.0,0.86,0.48,1.0,1.0,1.0,0.0,1.0
0.6791451128738445,0.0,0.4,0.5765936799082959,0.96,0.69,1.0,1.0,0.3,0.0,0.39609910512252894,0.31,0.6,1.0,0.0,0.4,0.0,0.0,0.15,0.0,0.91,0.3421533559050335,0.6323992535405499,1.0,0.51,0.45,1.0,1.0,1.0,0.0,1.0
0.6298766299119137,0.0,1.0,0.41339874514002195,1.0,1.0,1.0,0.5,0.3,0.0,0.1155320630401551,0.13,0.0,1.0,0.0,1.0,0.0,0.0,0.78,0.0,0.84,0.6961004162352705,0.5862998630562468,1.0,0.82,0.15,1.0,1.0,1.0,0.0,0.0
0.6650016169025855,0.0,0.3,0.16249866160866847,0.71,1.0,1.0,0.5,1.0,0.0,0.33986212179506176,0.0,1.0,1.0,0.0,1.0,0.0,0.0,0.24,0.0,0.48,0.7927354322426183,0.6045745262597513,1.0,0.54,0.0,1.0,1.0,1.0,0.0,0.0
0.6569261221565392,0.0,0.0,0.2393862855189707,1.0,0.78,1.0,0.6,1.0,0.0,0.39272327453311673,0.0,0.57,1.0,0.0,1.0,0.0,1.0,0.2,0.06712506350348899,0.78,0.3927552049831694,0.5705265188388744,0.0,0.55,0.0,1.0,1.0,1.0,0.0,1.0
0.7033982669304302,0.0,0.0,0.7440073232756423,0.64,0.47,1.0,0.5,1.0,0.0,0.38539803212848744,0.52,0.0,0.0,1.0,1.0,0.0,0.0,0.62,0.14883091919601713,0.75,0.3619727134047023,0.5038203183063854,1.0,0.86,0.0,1.0,1.0,1.0,0.0,1.0
0.3333333333333333,1.0,0.4,0.6947545399956655,1.0,1.0,0.98,1.0,1.0,0.0,0.35988596368024145,0.0,0.95,1.0,0.0,1.0,0.0,0.0,0.21,0.45155369418754365,1.0,0.38735971772721406,0.6956708494534778,0.0,0.41,0.47,1.0,1.0,1.0,1.0,1.0
1.0,1.0,0.4,0.6545132799637841,1.0,0.78,1.0,0.4,1.0,0.0,0.0,0.0,1.0,0.0,0.0,1.0,0.0,1.0,0.26,0.0,0.53,0.16180898296156235,0.1630880543036246,1.0,0.81,0.0,1.0,1.0,1.0,0.0,1.0
0.6981353625833214,0.0,0.4,0.7267116904200199,0.58,0.61,0.71,0.5,0.9,0.0,0.28518352142076353,0.84,0.83,1.0,1.0,1.0,0.0,1.0,0.42,0.38588674174547005,0.68,0.0,0.5982397902574728,1.0,0.56,0.46,1.0,1.0,1.0,0.0,1.0
0.6580837663676725,0.0,0.4,0.6795952444827211,1.0,1.0,0.99,0.6,1.0,0.0,0.38587715138233536,0.0,1.0,1.0,0.0,0.4,0.0,0.0,0.52,0.5632893247445382,0.85,0.7561089693415994,0.27706076657100975,1.0,0.74,0.41,1.0,1.0,1.0,0.0,1.0
0.6681486433484661,0.0,0.8,0.7644098721698088,1.0,0.49,0.99,1.0,1.0,0.0,1.0,0.0,1.0,1.0,0.0,1.0,0.0,0.0,0.16,1.0,0.6,0.6142741572310297,0.6582458243921934,1.0,0.0,0.0,1.0,1.0,1.0,0.0,1.0
0.6887451895003339,1.0,0.0,0.0,0.97,0.98,0.98,0.6,0.5,0.0,0.3897515312681871,0.0,0.6,1.0,0.0,1.0,0.0,0.0,0.14,0.03002079590140025,0.8,0.14913487520568552,0.65142528494081,1.0,0.54,0.0,1.0,1.0,1.0,0.0,1.0
0.6961738378034636,0.0,0.9,0.5449297789502311,1.0,0.99,1.0,0.6,1.0,0.0,0.39499571384786386,0.57,1.0,1.0,0.0,0.5,0.0,0.0,0.0,0.0,1.0,1.0,0.20133301607700865,1.0,0.53,0.32,1.0,1.0,1.0,1.0,1.0
0.6966754302864455,0.0,0.9,0.0,0.48,0.7,0.95,0.6,1.0,0.0,0.2819774939722421,0.54,0.49,1.0,1.0,1.0,1.0,0.0,0.21,0.0,0.82,0.21508769769854177,0.7638262586024003,1.0,0.85,0.0,1.0,1.0,1.0,0.0,1.0
0.6620336643154574,1.0,0.5,0.0,1.0,1.0,1.0,1.0,1.0,0.0,0.4111505909841408,0.77,1.0,1.0,0.0,1.0,0.0,0.0,0.27,0.5253823604581546,0.58,0.7163554201425846,0.6444184339018557,1.0,0.54,0.17,1.0,1.0,1.0,0.0,1.0
0.4172750363163429,0.0,0.9,0.717700923989194,1.0,0.78,1.0,0.6,1.0,1.0,0.3455857822393236,0.62,1.0,1.0,1.0,1.0,0.0,0.0,0.38,0.06772223726692933,1.0,0.1884721306287312,0.056492430092629574,0.0,0.77,0.52,1.0,1.0,1.0,0.0,0.0
0.7023758734719695,0.0,0.4,0.6654876308881121,0.5,1.0,0.98,1.0,1.0,0.0,0.3560819893773389,0.36,0.4,1.0,1.0,1.0,0.0,0.0,0.0,0.5304324069341488,0.86,0.25972576381021867,0.6256499264251524,1.0,0.59,0.0,1.0,1.0,1.0,0.0,0.0
0.7019232007520294,0.0,0.0,0.727345656576117,1.0,0.2,1.0,0.4,1.0,0.0,0.0,0.0,0.83,1.0,1.0,1.0,0.0,1.0,0.13,0.0,0.66,0.4094913018515792,0.0,1.0,0.77,0.46,1.0,1.0,1.0,0.0,0.0
0.6730685465842706,0.0,0.4,0.7590548954450885,0.79,1.0,0.97,0.6,1.0,0.0,0.3684152533081967,0.4,0.88,1.0,1.0,0.9,0.0,0.0,0.0,0.43835954223544643,0.84,0.4549187584723376,0.9781445999815118,1.0,0.0,0.0,1.0,1.0,1.0,1.0,0.0
0.658911563219752,0.0,0.4,0.7173853945337424,1.0,1.0,0.98,1.0,0.3,0.0,0.2935869597296691,0.34,1.0,1.0,0.0,1.0,0.0,0.0,0.62,0.11667737493103064,0.65,0.7506901713129599,0.0,1.0,0.0,0.0,1.0,1.0,1.0,0.0,1.0
0.6426560296545331,0.0,0.0,0.057640082627705286,0.82,1.0,0.77,0.5,0.7,0.0,0.36385115896056414,0.33,0.97,1.0,0.0,1.0,1.0,0.0,0.33,0.0,0.69,0.7317417505667907,0.6718701702205715,1.0,0.85,0.19,1.0,1.0,1.0,0.0,1.0
0.644205390296882,1.0,0.0,0.0,1.0,0.97,1.0,1.0,1.0,1.0,0.39151719735103907,0.7,1.0,1.0,0.0,1.0,0.0,0.0,0.23,0.0,0.79,1.0,0.06197167294337121,0.0,0.71,0.0,1.0,1.0,1.0,0.0,0.0
0.6726597376893741,1.0,0.4,0.6858384346241396,0.78,1.0,1.0,0.5,1.0,0.0,0.13023251549354734,0.77,1.0,1.0,0.0,1.0,0.0,0.0,0.31,0.0,0.77,0.7923196914411907,0.554918921747064,0.0,0.68,0.18,1.0,1.0,1.0,0.0,1.0
0.668102783276225,0.0,1.0,0.9563096101365975,0.8,1.0,1.0,0.5,1.0,0.0,0.2232960117888367,0.0,1.0,1.0,0.0,1.0,0.0,0.0,0.35,0.5193897242646407,0.87,0.3330998616526004,0.0,1.0,0.55,0.42,1.0,1.0,1.0,0.0,1.0
0.44176011580780855,0.0,0.9,0.0,1.0,1.0,1.0,1.0,1.0,0.0,0.06788943443643981,0.81,0.21,1.0,0.0,0.6,0.0,0.0,0.26,0.14684202488739712,0.73,0.7064057814802613,0.2914836131315922,0.0,0.77,0.19,1.0,1.0,1.0,0.0,0.0
0.6564918449071198,0.0,0.0,0.6625688189480103,1.0,0.84,0.96,0.6,1.0,0.0,0.3853707945522354,0.01,0.88,1.0,0.0,1.0,1.0,0.0,0.43,0.2391113444576329,1.0,0.7263977252633894,0.2931751671982798,1.0,0.49,0.08,1.0,1.0,1.0,0.0,0.0
0.6655932259504042,1.0,1.0,0.6649628870743542,1.0,1.0,0.98,0.9,1.0,0.0,0.0,0.46,0.59,0.0,0.0,0.5,0.0,0.0,0.21,0.0,0.88,0.1717045904044995,0.18741937349412605,0.0,0.0,0.97,1.0,1.0,0.0,0.0,1.0
0.6772790699920695,0.0,0.9,0.6365486706518565,0.73,0.77,0.98,1.0,1.0,0.0,0.30453727369237343,1.0,0.5,1.0,0.0,0.6,0.0,0.0,0.38,0.34904491387438813,1.0,0.7585518323705749,0.5909764382023917,0.0,0.57,0.0,1.0,1.0,1.0,0.0,1.0
0.6803020662198929,1.0,0.5,0.23711645953754817,1.0,0.84,0.61,1.0,1.0,0.0,0.31914733537882756,0.0,0.95,1.0,1.0,1.0,0.0,0.0,0.16,0.046796369981127434,0.89,0.03621783066315957,0.7606813357525397,0.0,0.5,0.05,1.0,1.0,1.0,0.0,1.0
0.6740360162684853,0.0,0.4,0.6445964676788052,1.0,1.0,0.96,0.6,1.0,0.0,0.6447593609510975,0.0,1.0,1.0,0.0,1.0,0.0,1.0,0.56,0.028960817074853318,0.9,0.040516544833213784,0.5946950334490648,1.0,0.52,0.0,1.0,1.0,1.0,0.0,1.0
0.6779195779344611,0.0,0.4,0.2929140204526197,0.84,0.66,0.97,0.6,1.0,0.0,0.3293067790958471,0.4,1.0,1.0,0.0,1.0,1.0,1.0,0.23,0.10199303229190987,0.75,0.7337766865302225,0.2202702124662061,1.0,0.5,0.0,1.0,1.0,1.0,0.0,1.0
0.4698112521252511,0.0,0.9,0.637910203812374,0.99,1.0,0.97,0.5,1.0,0.0,0.8454417908303411,0.26,0.39,0.0,1.0,1.0,1.0,0.0,0.0,0.0,0.86,0.07897468158391192,0.6246179753771606,1.0,0.53,0.0,1.0,1.0,1.0,0.0,1.0
0.6694400753138373,0.0,0.3,0.0,1.0,0.24,1.0,0.6,0.4,0.0,0.3279301245257907,0.77,1.0,1.0,0.0,0.6,0.0,1.0,0.18,0.040178881821397866,0.86,0.4212308135391223,0.28128762114014644,1.0,0.86,0.0,1.0,1.0,1.0,0.0,1.0
0.44534723944844307,1.0,0.0,0.5762729583085224,0.53,1.0,0.97,1.0,0.6,0.0,0.39823627508938747,0.85,0.98,1.0,1.0,1.0,0.0,0.0,0.35,0.16487034725227673,0.51,0.4967843183838554,0.5610907609725738,1.0,0.83,0.0,1.0,1.0,1.0,1.0,1.0
0.6493595288626357,0.0,1.0,0.35799451663240994,1.0,1.0,0.99,0.6,1.0,1.0,0.40018389038608343,0.0,1.0,1.0,0.0,1.0,0.0,1.0,0.0,0.0,0.66,0.0,0.2570973411116891,0.0,0.77,0.0,1.0,1.0,1.0,0.0,0.0
0.660031908860096,0.0,0.0,0.7590289969580857,0.8,1.0,1.0,0.4,1.0,0.0,0.26198766040243143,0.0,0.97,1.0,1.0,1.0,0.0,0.0,0.56,0.0,0.22,0.4673943752546189,0.2516506276406572,1.0,0.56,0.01,1.0,1.0,1.0,0.0,0.0
0.678316486033554,0.0,0.4,0.6637955461856007,0.69,0.72,0.96,0.6,1.0,0.0,0.7687199315418289,0.52,1.0,1.0,1.0,1.0,0.0,1.0,0.24,0.5513173810625867,0.66,0.5939125382344057,0.6632649433934498,1.0,0.85,0.12,1.0,1.0,1.0,0.0,1.0
0.661161372833721,0.0,0.0,0.6833745698829237,0.84,0.85,1.0,0.5,1.0,0.0,0.3802349223659846,0.46,1.0,1.0,1.0,1.0,0.0,0.0,0.43,0.17040459019476845,0.7,0.3741162470333272,0.6062224087844074,1.0,0.28,0.0,1.0,1.0,1.0,0.0,1.0
0.6673655809437739,0.0,0.9,0.17466206120438071,0.68,1.0,0.98,0.5,1.0,0.0,0.7883953875728689,0.72,1.0,1.0,0.0,1.0,0.0,1.0,0.69,0.28622509507281324,0.55,0.29344460171507364,0.7296503335698988,0.0,0.57,0.39,1.0,1.0,1.0,0.0,1.0
0.6637628195422172,1.0,0.5,0.7153713448590325,1.0,0.27,0.75,0.5,1.0,0.0,0.20146982340938882,0.0,0.35,1.0,0.0,1.0,0.0,0.0,0.31,0.0,0.32,0.7798436856614239,0.3243567005539629,1.0,0.74,0.19,1.0,1.0,1.0,0.0,1.0
0.6468927102459917,0.0,0.0,0.6043330265663329,0.82,1.0,0.98,1.0,1.0,0.0,0.3933472771174782,0.59,0.51,1.0,0.0,1.0,0.0,0.0,0.24,0.0,0.52,0.7491727400178101,0.07296424427098792,1.0,0.55,0.0,1.0,1.0,0.0,0.0,1.0
0.4317255499915962,0.0,0.0,0.30235476462949723,0.52,0.77,0.96,0.6,0.7,0.0,0.6703856743789209,0.2,0.96,1.0,1.0,1.0,0.0,1.0,0.22,0.3631228295950847,1.0,0.0,0.5734351027536122,1.0,0.58,0.0,1.0,1.0,1.0,0.0,1.0
0.9279982357808738,0.0,0.0,0.7235286703482646,0.87,0.83,1.0,0.5,1.0,1.0,0.4026816581840472,0.39,0.29,1.0,0.0,1.0,0.0,0.0,0.51,0.2607868047647671,1.0,0.6578979657333415,0.6242336478751913,0.0,0.0,0.41,1.0,1.0,1.0,0.0,1.0
0.3333333333333333,0.0,0.0,0.8489476084007577,0.75,0.96,0.97,1.0,1.0,1.0,0.3898050450224288,0.44,0.96,1.0,0.0,1.0,1.0,0.0,0.24,0.15695241792897013,0.24,0.4025662931866464,0.6901722951226592,0.0,0.78,0.0,1.0,1.0,1.0,0.0,1.0
0.4073089616692215,0.0,0.8,0.39251844056171337,0.84,0.85,1.0,0.5,1.0,0.0,0.10506973027139643,0.36,0.74,1.0,0.0,1.0,0.0,0.0,0.29,0.3940274986100507,0.05,0.18284193438057716,0.6532851670826779,1.0,0.52,0.0,1.0,1.0,1.0,1.0,0.0
0.3333333333333333,0.0,0.0,0.7327461401342475,1.0,0.78,1.0,0.5,0.9,0.0,0.3462040455210002,0.79,1.0,0.0,0.0,1.0,0.0,0.0,0.19,0.6759718573983944,0.76,0.3657841310655028,0.9273524731244698,0.0,0.66,0.26,1.0,1.0,1.0,0.0,1.0
0.6692202538184039,0.0,0.4,0.6254263084684719,1.0,1.0,1.0,1.0,1.0,0.0,0.3577795002840025,0.0,0.99,1.0,1.0,1.0,1.0,0.0,0.66,0.24131199330503436,1.0,0.8561408123762757,0.7564704803755067,1.0,0.85,0.03,1.0,1.0,1.0,0.0,0.0
0.6345941851776014,1.0,0.4,0.3744939691233742,1.0,0.46,1.0,1.0,1.0,1.0,0.3728843223167375,0.0,1.0,1.0,0.0,1.0,0.0,0.0,0.33,0.0,0.21,0.3836491811934625,0.30538545173624415,1.0,0.47,0.0,1.0,1.0,1.0,0.0,1.0
0.673804568999916,0.0,0.5,0.6647695153478191,0.86,0.91,0.98,0.6,1.0,0.0,0.427152673155795,0.61,0.95,1.0,0.0,1.0,0.0,0.0,0.22,0.39233528847156773,0.62,0.12449236740189881,0.0,1.0,0.1,0.0,1.0,1.0,1.0,0.0,1.0
0.46273448390199917,1.0,0.4,0.7792232121957139,0.46,0.32,0.95,0.9,1.0,0.0,0.20083412215187835,0.38,1.0,1.0,1.0,1.0,0.0,0.0,0.13,0.0,0.86,0.8179742162511603,0.7256295422425314,0.0,0.91,0.0,1.0,1.0,1.0,0.0,0.0
0.4167791314263799,0.0,0.0,0.0954402843621606,0.98,0.75,0.97,0.5,1.0,0.0,0.0,0.71,1.0,1.0,0.0,1.0,0.0,0.0,0.0,0.0,0.84,0.3890740973609475,0.5380450604876883,1.0,0.21,0.27,1.0,1.0,1.0,0.0,0.0
0.3333333333333333,0.0,0.0,0.766107552221878,0.48,0.85,0.98,0.6,1.0,0.0,0.4157386835470009,0.61,0.07,1.0,0.0,0.6,0.0,1.0,0.57,0.16292503023971533,0.82,0.40715361926185367,0.0,1.0,0.53,0.0,1.0,1.0,1.0,0.0,0.0
0.6681557854547068,0.0,0.0,0.5740984100287255,0.84,1.0,0.98,1.0,1.0,0.0,0.036501727655024914,0.14,0.57,1.0,0.0,1.0,0.0,0.0,0.32,0.07244602352538104,0.67,0.4472115116138278,0.6038610458645955,0.0,0.54,0.21,1.0,1.0,1.0,0.0,1.0
0.6906496154346325,1.0,0.4,0.6064824631823676,1.0,1.0,0.98,0.4,1.0,0.0,0.30632494783481395,1.0,0.04,1.0,0.0,1.0,0.0,0.0,0.2,0.23512811213105536,0.91,0.4525643325957748,0.0,1.0,0.5,0.0,1.0,1.0,1.0,0.0,1.0
0.6549335953149856,0.0,0.8,0.06571480001177292,1.0,0.49,0.98,1.0,1.0,0.0,0.38286522228238906,0.63,0.97,1.0,1.0,1.0,0.0,0.0,0.16,0.0,0.87,0.27451113308594216,0.2800219502696512,0.0,0.77,0.42,1.0,1.0,0.0,1.0,0.0
0.35776954978962083,1.0,0.4,1.0,0.88,1.0,0.98,1.0,1.0,0.0,0.36426656567796534,0.71,0.92,1.0,0.0,1.0,0.0,0.0,0.14,0.0,0.67,0.7670859543830507,0.47105596612128653,0.0,0.71,1.0,1.0,1.0,1.0,0.0,1.0
0.6847177338029814,0.0,0.9,0.7004991031350244,0.86,1.0,1.0,0.4,1.0,0.0,0.37297540102410837,0.74,0.02,1.0,1.0,1.0,0.0,0.0,0.0,0.0,0.77,0.8067826941072935,0.33201104604892034,0.0,0.32,0.54,1.0,1.0,1.0,0.0,1.0
0.3333333333333333,1.0,1.0,0.6494056035617034,1.0,0.82,1.0,0.4,1.0,1.0,0.3817043430657603,1.0,0.91,1.0,0.0,0.6,0.0,0.0,0.25,0.0,0.88,0.6755437545035375,0.022384536921642058,1.0,0.07,0.68,1.0,1.0,1.0,0.0,1.0
0.6577697390046826,0.0,1.0,0.6773105831798718,1.0,0.96,0.96,0.6,1.0,0.0,0.40580703534074586,0.0,0.99,1.0,0.0,1.0,0.0,0.0,0.41,0.0,1.0,0.79326137174621,0.6273551574421176,1.0,0.56,0.44,1.0,1.0,1.0,0.0,1.0
0.6464962853452685,0.0,0.9,0.7010675229143868,1.0,0.99,1.0,1.0,1.0,0.0,0.33833391534221247,0.0,0.62,0.0,0.0,1.0,1.0,0.0,0.89,0.0,0.59,0.2604191200875003,0.717660019557748,0.0,0.29,0.35,1.0,1.0,1.0,1.0,1.0
0.6536066891580632,0.0,0.8,0.2909493353995648,1.0,1.0,0.99,1.0,1.0,0.0,0.1419909596504472,0.32,0.53,0.0,0.0,0.9,0.0,0.0,0.01,0.33642359206207206,0.4,0.6122935802602533,0.26344124731093044,1.0,0.68,0.37,1.0,1.0,1.0,0.0,1.0
0.6752143443559017,1.0,0.4,0.6809092359604592,1.0,0.81,0.99,0.5,1.0,0.0,0.26569912308590315,0.0,0.85,1.0,1.0,1.0,0.0,0.0,0.36,0.0,0.8,0.7845866233429899,0.34166061372115125,0.0,0.83,0.62,1.0,1.0,0.0,0.0,1.0
0.6630252389475592,0.0,0.3,0.7244478043624516,1.0,1.0,1.0,0.6,1.0,0.0,0.1924860333068189,0.0,0.84,1.0,1.0,1.0,1.0,0.0,0.21,0.30487957981652314,1.0,0.701928243177441,0.0,0.0,0.55,0.46,1.0,1.0,1.0,0.0,0.0
0.6737984788002388,1.0,0.9,0.8232480677517214,0.26,0.8,1.0,1.0,0.3,0.0,0.30150318038216534,0.77,0.94,1.0,0.0,0.5,0.0,0.0,0.75,0.0,0.86,0.8191259219908116,0.23961536012754575,0.0,0.23,0.0,1.0,1.0,1.0,0.0,1.0
0.6444396953580567,0.0,0.9,0.6213669406745658,1.0,0.33,0.8,1.0,1.0,0.0,0.3823449772277073,0.0,1.0,1.0,0.0,1.0,0.0,1.0,0.61,0.2772240390739309,0.78,0.12939363716143584,0.7423668954381593,1.0,0.49,0.0,1.0,1.0,0.0,1.0,1.0
0.3790726950128791,0.0,1.0,0.5941940000618348,0.38,0.2,0.98,1.0,1.0,0.0,0.0,0.0,1.0,1.0,0.0,1.0,0.0,0.0,0.15,0.1747638021468534,1.0,0.6181579489307814,0.5607769401974926,0.0,0.89,0.0,1.0,1.0,1.0,0.0,1.0
0.690039007427318,0.0,0.5,0.7004421362433421,1.0,0.99,0.98,0.4,1.0,0.0,0.8217699804325965,0.0,0.61,1.0,0.0,1.0,0.0,1.0,0.7,0.0,1.0,0.432337043202208,0.8272148234620802,1.0,0.56,0.18,1.0,1.0,1.0,1.0,1.0
0.6776581560793812,0.0,0.5,0.0,1.0,0.99,1.0,1.0,1.0,0.0,0.3877807383127425,0.0,0.68,1.0,0.0,1.0,0.0,0.0,0.24,0.17451970299766545,1.0,0.7435866998498151,0.5588184747363614,0.0,0.81,0.0,1.0,1.0,1.0,0.0,1.0
0.3333333333333333,0.0,0.4,0.6832057207272298,1.0,0.99,1.0,0.6,1.0,1.0,0.38212082140542863,0.0,1.0,1.0,1.0,1.0,0.0,0.0,0.29,0.06554736835381147,0.27,0.32703645086904776,1.0,0.0,0.54,0.0,1.0,1.0,1.0,0.0,0.0
0.6786441393191114,0.0,0.3,0.34672117595677504,0.69,1.0,1.0,0.6,1.0,0.0,0.0,0.47,1.0,0.0,0.0,0.5,1.0,0.0,0.37,0.27351991452939795,0.77,0.07534167230267083,0.4984594033125397,1.0,0.77,0.69,1.0,1.0,1.0,0.0,1.0
0.6921142928480835,1.0,0.4,0.7167169726322352,0.7,1.0,1.0,1.0,1.0,1.0,0.4002926814786406,0.82,0.88,1.0,0.0,1.0,0.0,0.0,0.0,0.4392433520396426,0.62,0.41970078818067075,0.34952755510044736,0.0,0.16,0.23,1.0,1.0,1.0,0.0,0.0
0.69381813716698,0.0,0.4,0.6838657776308109,1.0,1.0,0.33,0.6,1.0,0.0,0.39824265583454366,0.43,0.16,1.0,0.0,1.0,0.0,0.0,0.72,0.6382913479117256,1.0,0.39351659009506024,0.0,1.0,0.8,0.11,1.0,1.0,1.0,0.0,1.0
0.6782978340335617,0.0,0.9,0.8529205426537608,0.49,0.98,0.51,1.0,1.0,0.0,0.2932709015817629,0.73,0.99,1.0,0.0,1.0,0.0,0.0,0.22,0.0,0.72,0.7735614976244956,0.6559860260824405,1.0,0.0,0.05,1.0,1.0,1.0,0.0,0.0
0.6632422350558957,1.0,0.5,0.0,0.85,0.86,1.0,0.6,1.0,0.0,0.4230183422021651,0.85,0.0,1.0,0.0,0.5,0.0,0.0,0.15,0.0,0.82,0.0,0.5611107790903657,0.0,0.43,0.23,1.0,1.0,1.0,0.0,1.0
0.6839703915154152,0.0,0.8,0.7141756535891114,0.8,0.8,1.0,0.5,1.0,0.0,0.35134378090552393,0.62,1.0,1.0,0.0,1.0,0.0,0.0,0.13,0.47240144827246633,0.85,0.0959479338698046,0.6390461733376409,0.0,0.25,0.0,1.0,1.0,1.0,0.0,1.0
0.6562519959590314,0.0,0.5,0.6658911095116753,1.0,1.0,1.0,0.4,1.0,0.0,0.36247376918108803,0.87,1.0,1.0,0.0,1.0,0.0,0.0,0.75,0.6067916932656032,0.55,0.40821607508498076,0.5347415193716225,1.0,0.63,0.37,1.0,1.0,1.0,0.0,1.0
0.39358723486956726,0.0,0.0,0.7690754494852694,1.0,0.78,1.0,0.6,1.0,0.0,0.30821589727691395,0.49,0.75,1.0,0.0,1.0,0.0,1.0,0.62,0.5395095429380931,1.0,0.09516339798838513,0.0,1.0,0.54,0.0,1.0,1.0,1.0,0.0,1.0
0.6875736194036002,0.0,0.4,0.7084968035263264,0.86,0.78,1.0,1.0,1.0,0.0,0.32180294165506984,0.7,0.79,0.0,0.0,1.0,0.0,1.0,0.28,0.09192132756600102,0.86,0.8024508256697582,0.6842773255779964,0.0,0.47,0.83,1.0,1.0,1.0,0.0,1.0
0.443743795421294,1.0,0.3,0.6850561745138422,1.0,1.0,0.98,0.6,1.0,0.0,0.36659125729445685,0.1,1.0,1.0,0.0,1.0,0.0,1.0,0.24,0.0,0.75,0.7638918743370887,0.3714425987420366,1.0,0.81,0.0,1.0,1.0,1.0,0.0,0.0
0.6521522661369819,1.0,0.0,0.6748477208603549,1.0,0.75,1.0,0.6,1.0,0.0,0.8749087327476135,0.56,0.87,1.0,0.0,1.0,0.0,0.0,0.02,0.006622909131384691,1.0,1.0,0.8375094020145126,1.0,0.77,0.34,1.0,1.0,1.0,0.0,1.0
0.6511080880329182,0.0,0.4,0.45557236218522756,0.66,1.0,1.0,0.9,1.0,0.0,1.0,0.41,0.82,1.0,1.0,1.0,0.0,0.0,0.33,0.08229023874547609,0.84,0.4544188405940474,0.49110185182718025,0.0,0.75,0.49,1.0,1.0,1.0,0.0,1.0
0.6603338080797349,0.0,0.0,0.2591523182261145,1.0,1.0,1.0,0.4,1.0,0.0,1.0,0.0,1.0,1.0,1.0,1.0,0.0,0.0,0.3,0.18583270235220928,0.87,0.36893046358007847,0.5711142029649406,1.0,0.47,0.0,1.0,1.0,1.0,0.0,1.0
0.6692414359930058,0.0,0.4,0.612918223866584,0.33,1.0,0.99,1.0,1.0,0.0,0.3438936447528851,0.0,1.0,1.0,0.0,1.0,0.0,1.0,0.26,0.09691051824790217,1.0,1.0,0.059834050949871376,0.0,0.83,0.2,1.0,1.0,1.0,0.0,1.0
0.6749506483466967,0.0,0.9,0.6744028456657476,1.0,1.0,0.98,0.5,1.0,0.0,0.35341293500708887,0.87,0.69,1.0,1.0,1.0,0.0,0.0,0.31,0.555816495193757,0.86,0.05580512378481328,0.5665829956072489,1.0,0.47,0.21,1.0,1.0,1.0,1.0,1.0
0.44176100460158546,0.0,0.4,0.5926064885994311,1.0,1.0,0.99,0.5,1.0,0.0,0.2280771016828986,0.44,0.95,0.0,0.0,1.0,0.0,0.0,0.61,0.4127585206957949,0.89,0.09027388222012026,0.5436401375457566,0.0,0.5,0.17,1.0,1.0,1.0,0.0,1.0
0.6860065120795529,0.0,0.0,0.2443839088491116,0.98,1.0,0.97,0.4,1.0,0.0,0.632693942673951,0.39,0.42,1.0,0.0,1.0,0.0,0.0,0.86,0.0,1.0,0.4384971304201475,0.09177019113236347,1.0,0.91,0.2,1.0,1.0,1.0,0.0,0.0
0.6651620934774534,0.0,0.4,0.7375465531702317,1.0,1.0,1.0,0.6,1.0,0.0,0.38621086067986987,0.79,0.65,1.0,0.0,1.0,0.0,0.0,0.44,0.0,0.76,0.8049547804344528,0.5697765290221948,1.0,0.48,0.31,1.0,1.0,1.0,0.0,1.0
0.6410226997224505,0.0,0.4,0.7711502268000318,0.65,1.0,0.98,0.4,1.0,0.0,0.30193825596083496,0.18,1.0,1.0,0.0,1.0,0.0,1.0,0.24,0.0,0.72,0.10052116605218583,0.036096334102649966,0.0,0.36,0.08,1.0,1.0,1.0,0.0,1.0
0.6533325405908651,0.0,0.0,0.6476206883725,0.59,1.0,1.0,1.0,1.0,0.0,0.3711791814595321,0.44,0.62,1.0,0.0,0.5,0.0,0.0,0.25,0.0,0.8,0.6170840399155761,0.678072789436664,0.0,0.34,0.35,1.0,1.0,1.0,0.0,1.0
0.6727367243554752,0.0,0.0,0.7568023849845406,0.88,0.87,0.36,1.0,0.5,0.0,0.3080089318066887,0.0,1.0,1.0,0.0,1.0,0.0,0.0,0.23,0.2517878652524539,0.85,1.0,0.5951466758126834,1.0,0.53,0.0,1.0,1.0,1.0,0.0,0.0
0.373129177890028,0.0,0.0,0.6504147732703214,0.81,0.98,1.0,0.6,1.0,0.0,0.18155366688099187,0.79,0.66,1.0,0.0,0.5,0.0,0.0,0.13,0.19393679042240147,0.88,0.7485747691637122,0.42133168190967485,0.0,0.74,0.0,1.0,1.0,0.0,0.0,0.0
0.4163914972323873,1.0,0.9,0.6999507762429351,1.0,1.0,1.0,0.9,1.0,0.0,0.706987503719019,0.51,0.76,1.0,0.0,1.0,0.0,0.0,0.19,0.0,0.86,0.10549693972828092,0.665712759859636,1.0,0.82,0.26,1.0,1.0,1.0,0.0,1.0
0.69016101773028,1.0,0.0,0.6380561528555042,1.0,1.0,0.98,0.4,1.0,0.0,0.3761746864376807,0.79,0.91,1.0,1.0,1.0,1.0,0.0,0.16,0.0,0.87,0.43741780097842264,0.6634234536772733,1.0,0.12,0.57,1.0,1.0,1.0,0.0,1.0
0.6520075604409278,0.0,1.0,0.6817178357566669,1.0,0.8,1.0,0.5,1.0,0.0,0.0,0.74,0.14,1.0,0.0,1.0,0.0,0.0,0.26,0.08388736091706014,0.87,0.7336557613205237,0.9224446051038827,1.0,0.88,0.0,1.0,1.0,1.0,0.0,0.0
0.6567659642923939,0.0,1.0,1.0,0.71,1.0,0.22,0.5,1.0,0.0,0.3919979638414004,0.58,0.0,0.0,1.0,0.6,0.0,0.0,0.61,0.0,0.55,0.6627581907014215,0.838365364901917,1.0,0.76,0.28,1.0,1.0,1.0,0.0,1.0
0.6842282660701036,0.0,0.9,0.3076243804548908,0.75,0.99,0.99,0.5,1.0,0.0,0.3900909293490711,0.72,0.02,1.0,1.0,1.0,1.0,0.0,0.23,0.9043505394300135,0.78,0.061856618335249004,0.6987669261359326,0.0,0.75,0.52,1.0,1.0,1.0,0.0,1.0
0.6724436156814592,1.0,0.4,0.4109558600497698,0.88,1.0,0.96,0.5,1.0,0.0,0.0,0.1,0.45,0.0,0.0,1.0,0.0,0.0,0.63,0.0,0.76,0.04647502998874119,0.0,0.0,0.48,0.0,1.0,1.0,1.0,0.0,0.0
0.42582535856268694,0.0,0.0,0.678625411490802,0.9,1.0,1.0,0.6,0.3,1.0,0.42071462376432994,0.64,0.95,0.0,0.0,1.0,0.0,0.0,0.6,0.4568624455691286,0.64,0.12406014828523068,0.6211402510225723,1.0,0.76,0.0,1.0,1.0,1.0,0.0,1.0
0.6715241438150822,0.0,0.4,0.8255254579815414,1.0,1.0,1.0,1.0,1.0,1.0,0.3882877074984237,0.75,0.3,1.0,0.0,1.0,0.0,0.0,0.17,0.31107422695304476,0.6,1.0,0.7195645122852791,1.0,0.83,0.0,1.0,1.0,0.0,0.0,1.0
0.6661650118826592,1.0,0.8,0.3436455935490534,1.0,1.0,1.0,0.5,1.0,0.0,0.3914557719626882,0.0,0.97,0.0,0.0,0.5,0.0,0.0,0.21,0.0,0.38,0.8055534627603664,0.5300143932239542,1.0,0.75,0.53,1.0,1.0,1.0,0.0,1.0
0.7069522180859912,1.0,0.9,0.5798751506823602,1.0,0.99,1.0,1.0,1.0,0.0,0.14930880149995093,0.12,0.0,1.0,1.0,1.0,0.0,0.0,0.32,0.0,0.65,0.692573790124706,0.7071126753633654,0.0,0.58,0.73,1.0,1.0,1.0,0.0,1.0
0.6939197065501427,0.0,0.0,0.7334923819659764,0.85,0.46,1.0,1.0,0.4,0.0,1.0,0.0,1.0,1.0,1.0,1.0,0.0,0.0,0.5,0.6994342821842405,0.77,0.8299349186624799,0.20134070463046566,1.0,0.44,0.21,1.0,1.0,0.0,0.0,1.0
0.34299129622415214,0.0,0.5,0.6427541455103443,0.96,0.99,0.97,1.0,1.0,0.0,0.564719316338475,0.0,1.0,1.0,0.0,1.0,1.0,1.0,0.0,0.23498575625465337,1.0,0.09086941777790888,0.6311428834984616,1.0,0.47,0.84,1.0,1.0,1.0,0.0,0.0
0.6721902982574631,0.0,0.0,0.6431302914726222,1.0,1.0,0.95,0.4,1.0,0.0,0.40596295331883275,0.95,0.79,0.0,0.0,1.0,0.0,1.0,0.56,0.4843801768193777,0.86,0.06408706384424717,0.6598005722626036,0.0,0.89,0.41,1.0,1.0,1.0,0.0,1.0
0.6694521600236271,1.0,0.5,0.0,0.68,1.0,1.0,0.1,1.0,0.0,0.3918573914941786,0.69,1.0,1.0,0.0,1.0,0.0,0.0,0.19,0.017973537982863108,1.0,1.0,0.3532516831174064,1.0,0.19,0.0,1.0,1.0,0.0,0.0,1.0
0.6515122400356612,1.0,0.8,0.7262534036676908,0.31,1.0,0.78,0.6,1.0,0.0,0.395634584425737,0.61,0.67,1.0,0.0,1.0,0.0,0.0,0.29,0.12973166153252008,0.75,0.45086829932953315,0.6080950419681692,1.0,0.57,0.03,1.0,1.0,1.0,0.0,0.0
0.6797866537206163,0.0,0.4,0.23505927279569544,0.81,1.0,1.0,0.5,1.0,1.0,0.5471661209533976,0.77,0.64,1.0,0.0,1.0,0.0,0.0,0.22,0.37996056093779346,1.0,0.8582488665550345,0.17205875238124868,0.0,0.81,0.02,1.0,1.0,1.0,0.0,0.0
0.3764861369719456,1.0,0.9,0.6496841100942228,0.99,1.0,0.99,0.6,1.0,0.0,0.06555867965414723,0.0,0.54,0.0,1.0,1.0,0.0,0.0,0.22,1.0,1.0,0.8416072080183246,0.09669969040665873,1.0,0.11,0.0,1.0,1.0,1.0,0.0,1.0
0.6669070309079888,0.0,0.0,0.7056480988705571,1.0,1.0,0.65,0.5,1.0,0.0,0.3106277898590583,0.46,1.0,1.0,0.0,1.0,0.0,0.0,0.28,0.3700832092950246,0.85,1.0,0.0,1.0,0.78,0.49,1.0,1.0,1.0,0.0,0.0
0.6778521866921663,0.0,0.8,0.13645130319650248,1.0,0.81,0.99,0.6,1.0,0.0,0.3808084668504546,0.0,0.96,1.0,0.0,1.0,0.0,0.0,0.0,0.628793762322312,1.0,1.0,0.24123212553787876,1.0,0.87,0.0,1.0,1.0,1.0,0.0,0.0
0.6889271598347074,0.0,0.4,0.6573840278949439,0.82,1.0,0.65,0.9,1.0,0.0,0.3793977343095818,0.81,0.26,1.0,1.0,1.0,1.0,0.0,0.19,0.0,0.61,0.6838967598186353,0.29974789222003684,1.0,0.52,0.0,1.0,1.0,1.0,0.0,1.0
0.6839249532237734,0.0,0.1,0.6181551015346266,0.77,1.0,1.0,0.6,1.0,0.0,0.19935604181387684,0.0,0.97,1.0,0.0,1.0,0.0,1.0,0.0,0.20296892850544435,0.89,0.7866528624770537,0.5798134346436539,1.0,0.58,0.16,1.0,1.0,1.0,0.0,1.0
0.44132641447150145,0.0,0.8,0.7223125616820504,0.99,0.46,0.98,0.5,1.0,0.0,0.3253044834871925,0.07,0.4,0.0,0.0,1.0,0.0,0.0,0.0,0.6835639969222456,0.55,0.7341566607203307,0.09879900746984514,1.0,0.9,0.0,1.0,1.0,1.0,0.0,1.0
0.6833158599619102,0.0,0.9,0.7893676208593055,0.73,1.0,1.0,0.5,1.0,0.0,0.3614993154976019,0.77,0.18,0.0,0.0,1.0,1.0,0.0,0.29,0.0,1.0,0.20127307407250072,0.7172547019296428,1.0,0.0,0.48,1.0,1.0,1.0,0.0,1.0
0.6587967513509305,1.0,0.0,0.0,1.0,0.99,0.62,0.6,0.9,0.0,0.39612302373153085,0.39,0.68,1.0,0.0,0.5,0.0,0.0,0.28,0.05115411800122985,0.6,0.08517758709748952,0.5518029848090572,1.0,0.78,0.13,1.0,1.0,0.0,0.0,1.0
0.662670949012544,0.0,0.0,0.3150507825216498,0.88,1.0,1.0,0.5,1.0,0.0,0.4093337932102581,0.38,0.0,1.0,0.0,1.0,0.0,0.0,0.17,0.2084604043783835,0.9,0.104914363169657,0.4879759912093889,0.0,0.46,0.49,1.0,1.0,1.0,1.0,1.0
0.6573345401493838,0.0,0.8,0.985511689899259,1.0,0.63,1.0,0.5,0.7,1.0,0.3738405767923502,0.78,0.71,1.0,0.0,1.0,0.0,0.0,0.04,0.00642213868603192,0.58,0.12055074527073022,0.6349446412833694,1.0,0.5,0.47,1.0,1.0,1.0,1.0,1.0
0.6501798666792068,0.0,0.4,0.661959397537306,0.74,1.0,1.0,1.0,1.0,1.0,1.0,0.03,0.94,1.0,0.0,0.6,0.0,1.0,0.66,0.00012984598305088024,0.58,0.8231637881881292,0.0,1.0,0.49,0.0,1.0,1.0,1.0,0.0,1.0
0.36370395527491794,0.0,1.0,0.0,0.73,0.97,0.96,0.5,1.0,0.0,0.40111435856817146,0.78,1.0,1.0,1.0,1.0,0.0,0.0,0.34,0.09569991094818406,0.85,0.8222510965651705,0.6850636655513191,0.0,0.39,0.41,1.0,1.0,1.0,0.0,1.0
0.6958693033882212,0.0,0.4,0.5410687795195268,0.5,0.79,1.0,1.0,0.5,0.0,0.40696924949254165,0.7,0.84,0.0,0.0,1.0,0.0,0.0,0.39,0.11461310193598934,0.69,0.7135225898226708,0.0,0.0,0.2,0.19,1.0,1.0,1.0,0.0,1.0
0.6938347613625778,0.0,0.5,0.32983833754455655,0.47,0.6,0.95,0.5,0.9,0.0,0.38717814980305587,0.0,1.0,1.0,1.0,1.0,0.0,0.0,0.47,0.03504094091868046,0.89,0.0,0.7000073530316233,0.0,0.48,0.0,1.0,1.0,1.0,0.0,1.0
0.6656376673909147,0.0,0.5,0.6312317815063742,1.0,1.0,0.65,0.6,1.0,0.0,0.3870818997528018,0.0,1.0,1.0,0.0,1.0,0.0,0.0,0.48,0.0,0.7,0.0,0.5511432932540311,1.0,0.82,0.0,1.0,1.0,1.0,0.0,1.0
0.6899880109971253,1.0,0.0,0.9133626466078327,1.0,0.99,0.99,0.9,1.0,0.0,0.6881363328197125,0.11,0.8,1.0,0.0,1.0,0.0,0.0,0.0,0.4643842513008049,0.86,0.08519411292001626,0.23250366509824744,0.0,0.76,0.0,1.0,1.0,1.0,0.0,1.0
0.6841587017924436,0.0,0.4,0.3586290642298428,1.0,0.67,1.0,0.5,1.0,0.0,0.32631856193489406,0.43,0.98,0.0,0.0,1.0,0.0,0.0,0.26,0.3512513493963243,0.83,0.35166065598006685,0.6946198687150982,1.0,0.78,0.44,1.0,1.0,1.0,0.0,0.0
0.6562083262277149,1.0,0.5,0.6483419996876251,1.0,1.0,1.0,0.4,1.0,0.0,0.30520971972676414,0.45,0.3,1.0,0.0,0.6,1.0,0.0,0.28,0.0,0.28,0.7614823587200664,0.0,1.0,0.7,0.47,1.0,1.0,1.0,1.0,1.0
0.6612965329866993,0.0,0.8,0.6349095378059443,1.0,1.0,0.95,1.0,1.0,0.0,0.34223180432427125,0.21,0.68,0.0,1.0,1.0,0.0,0.0,0.98,0.0,0.26,0.36355275792065256,0.0,1.0,0.58,0.0,1.0,1.0,1.0,0.0,0.0
0.6760919065681701,1.0,0.0,0.6959164845501589,1.0,1.0,0.99,0.4,1.0,0.0,0.3453938294316161,0.0,1.0,1.0,0.0,1.0,0.0,0.0,0.27,0.0,0.86,0.19746867824013856,0.6095547357962349,1.0,0.83,0.4,1.0,1.0,1.0,0.0,1.0
0.3832316283336323,0.0,0.4,0.7160905101915622,1.0,0.99,0.99,1.0,1.0,0.0,0.0,0.0,1.0,1.0,1.0,1.0,0.0,1.0,0.15,0.0,0.73,0.8295571759752354,0.0,1.0,0.86,0.0,1.0,1.0,1.0,0.0,1.0
0.35968222799213184,0.0,0.0,0.6852093316580152,0.97,0.37,1.0,0.6,1.0,0.0,0.7856136359229975,0.0,1.0,0.0,0.0,1.0,1.0,0.0,0.0,0.0,1.0,0.8099327697509908,0.6245835314733681,1.0,0.7,0.52,1.0,1.0,1.0,0.0,1.0
0.6472250000642207,0.0,0.0,0.7631842860620754,0.77,1.0,1.0,0.5,1.0,0.0,0.1918840991302461,0.81,1.0,1.0,0.0,0.6,0.0,0.0,0.33,0.18795526562008963,0.83,0.014405502517945347,0.6646003436170885,0.0,0.84,0.0,1.0,1.0,1.0,1.0,1.0
0.6534690685617006,1.0,0.3,0.42602310828548284,1.0,0.86,1.0,1.0,1.0,1.0,1.0,0.75,1.0,1.0,0.0,0.6,0.0,0.0,0.12,0.43853771099713573,0.85,0.7779713226760903,0.6340484692928673,1.0,0.5,0.38,1.0,1.0,1.0,0.0,0.0
0.35834781523534864,0.0,0.4,0.06343553269085275,0.76,0.8,1.0,0.5,1.0,0.0,0.40191146182822846,0.59,0.99,1.0,1.0,1.0,0.0,0.0,0.25,0.30986154981504505,0.85,0.11779462367579552,0.41423427939511015,1.0,0.79,0.0,1.0,1.0,1.0,1.0,1.0
0.3965757979390076,0.0,0.0,0.6451802193980358,1.0,0.97,1.0,1.0,1.0,0.0,0.266952082211278,0.47,0.97,1.0,0.0,1.0,0.0,0.0,0.23,0.0,0.77,0.14521840675355452,0.07511410224660967,0.0,0.17,0.0,1.0,1.0,1.0,1.0,0.0
0.6867540199575717,0.0,0.0,1.0,1.0,0.78,1.0,0.5,1.0,0.0,0.3738244350992296,0.46,0.26,1.0,1.0,1.0,0.0,0.0,0.16,0.0,0.82,0.0422295668388997,0.565787281992647,1.0,0.44,0.0,1.0,1.0,1.0,0.0,1.0
0.6687853978507122,1.0,0.5,0.3887446285056096,1.0,0.76,0.97,0.5,1.0,0.0,0.5857455181309784,0.79,1.0,0.0,0.0,1.0,0.0,0.0,0.43,0.22248953617700803,0.65,0.9309862276095201,0.711652884339782,1.0,0.83,0.0,1.0,1.0,1.0,0.0,1.0
0.6950665154450237,0.0,0.4,0.7091218834696671,1.0,0.5,0.39,0.6,1.0,0.0,0.372831130049176,0.0,1.0,1.0,0.0,1.0,0.0,1.0,0.0,0.19961397389337626,1.0,0.14837434308148617,0.2646432405694087,1.0,0.48,0.0,1.0,1.0,1.0,0.0,1.0
0.3333333333333333,1.0,0.0,1.0,1.0,0.82,0.96,1.0,0.6,0.0,0.3632604960758215,0.38,1.0,0.0,1.0,1.0,0.0,0.0,0.0,0.12709661158532093,1.0,0.6431103706419318,0.6431578063975435,1.0,0.54,0.0,1.0,1.0,1.0,0.0,1.0
0.6766398996676369,0.0,0.4,0.7912610475445672,1.0,0.82,0.3,0.6,1.0,0.0,0.40965679853223314,0.0,0.41,1.0,0.0,0.5,1.0,0.0,0.25,0.3762996813698537,0.83,1.0,0.5880846739725833,0.0,0.0,0.28,1.0,1.0,1.0,0.0,1.0
0.6508591322885885,0.0,0.2,0.7958962266859079,1.0,0.86,1.0,0.4,1.0,0.0,0.22557782399552578,0.44,0.0,1.0,0.0,0.5,0.0,0.0,0.0,0.0,0.81,0.12745959260809386,0.5386494657843247,0.0,0.51,0.1,1.0,1.0,1.0,1.0,1.0
0.6510505806404229,0.0,0.0,0.7291164445096227,0.99,0.5,0.94,0.6,1.0,0.0,0.4903687196869222,0.06,0.91,1.0,0.0,1.0,0.0,0.0,0.66,0.30018301210475923,1.0,0.0,0.5742845329644802,0.0,0.52,0.0,1.0,1.0,1.0,1.0,0.0
0.6845539757037916,0.0,0.8,0.6942675386403849,1.0,1.0,0.97,1.0,1.0,0.0,1.0,0.92,1.0,0.0,0.0,0.6,0.0,0.0,0.18,0.1512412878088155,0.9,0.25799052675040696,0.0,1.0,0.51,0.34,1.0,1.0,1.0,0.0,1.0
0.6855833823251077,0.0,1.0,0.400104748202616,1.0,0.78,0.99,0.4,1.0,1.0,0.20831335934690842,0.65,1.0,1.0,0.0,1.0,0.0,1.0,0.51,0.0,0.42,0.7220396627361648,0.6259036370220545,1.0,0.17,0.16,1.0,1.0,1.0,0.0,0.0
0.6544922071771977,0.0,0.5,0.6323472945990164,1.0,0.95,0.95,0.6,1.0,0.0,0.326176122668594,0.49,0.28,1.0,0.0,1.0,0.0,1.0,0.16,0.0,1.0,0.43346297059271743,0.6526071272282487,0.0,0.53,0.87,1.0,1.0,1.0,0.0,0.0
0.653686961165889,0.0,0.4,0.6373876931687003,0.76,1.0,1.0,0.5,1.0,0.0,0.2713086308817721,0.85,0.5,1.0,0.0,1.0,0.0,0.0,0.59,0.06884710787091577,0.9,0.08955157983203274,0.0,1.0,0.83,0.0,1.0,1.0,1.0,1.0,1.0
0.6484052487294271,0.0,0.0,0.21418877258627317,0.73,1.0,0.98,0.5,1.0,1.0,0.29187581778776783,0.92,1.0,1.0,1.0,1.0,0.0,0.0,0.13,0.0,0.85,0.0769994601894408,0.7734454107998097,1.0,0.5,0.34,1.0,1.0,1.0,0.0,1.0
0.6904008388537433,0.0,0.8,0.6321359325390227,0.8,1.0,0.98,0.6,1.0,0.0,0.40951322564266335,0.58,1.0,1.0,0.0,0.9,0.0,0.0,0.98,0.0,0.83,0.7833093834017437,0.6290370963807531,1.0,0.53,0.39,1.0,1.0,1.0,0.0,1.0
0.6506667121108195,1.0,0.5,0.7047338591636462,1.0,0.83,1.0,0.5,0.6,0.0,0.36784231199397416,1.0,0.99,1.0,0.0,1.0,0.0,0.0,0.22,0.012717396081455501,0.83,0.008407881718586842,0.5193308393486286,1.0,0.77,0.14,1.0,1.0,1.0,0.0,1.0
0.6892862902365376,0.0,0.0,0.7776729470109817,0.88,1.0,1.0,1.0,0.9,0.0,0.2138032325986035,0.81,0.9,1.0,1.0,1.0,0.0,1.0,0.17,0.1360068105792025,0.77,0.35264754544843363,0.6405744413692479,0.0,0.48,0.47,1.0,1.0,1.0,1.0,1.0
0.6590950530501226,0.0,1.0,0.7016370117953838,0.78,0.39,0.99,0.6,1.0,0.0,1.0,0.91,0.0,0.0,0.0,1.0,0.0,1.0,0.21,0.06122121916744522,0.82,0.6491960578199952,0.5699756265421619,1.0,0.55,0.02,1.0,1.0,1.0,0.0,0.0
0.6486877229674118,1.0,0.8,0.6571104940186249,0.43,0.79,1.0,0.6,1.0,0.0,0.3377898783595896,0.94,1.0,0.0,1.0,1.0,0.0,0.0,0.26,0.2577135373667844,0.78,0.298541023196709,0.7242468275347539,1.0,0.76,0.17,1.0,1.0,1.0,0.0,0.0
0.6701984717820859,0.0,0.9,0.8730275854512277,0.63,1.0,0.99,0.5,1.0,0.0,0.20806401034456853,0.62,0.53,1.0,1.0,1.0,1.0,1.0,0.0,0.2105065623660309,0.86,0.4089392599578576,0.37002992646526084,0.0,0.78,0.0,1.0,1.0,1.0,0.0,1.0
0.6507759149423853,1.0,0.4,0.6975205148552853,0.76,0.99,0.37,0.5,0.6,0.0,0.7051321911249305,0.61,1.0,0.0,0.0,1.0,0.0,0.0,0.21,0.04407448769098957,0.8,0.7123405537185518,0.5787268672349151,1.0,0.86,0.38,1.0,1.0,1.0,0.0,1.0
0.6694807762933721,0.0,0.0,0.6410743934703044,0.38,1.0,0.7,0.4,1.0,0.0,0.7605792096837269,0.67,0.37,1.0,1.0,0.5,0.0,1.0,0.8,0.9721156037699397,0.85,0.7836150089216749,0.3067386702849946,1.0,0.81,0.12,1.0,1.0,1.0,0.0,1.0
0.6832620335637373,1.0,0.4,0.3748342267536301,0.66,0.77,0.98,0.5,0.5,0.0,0.03276567497769511,0.0,0.03,1.0,1.0,1.0,0.0,1.0,0.2,0.08312285696588059,0.59,0.4387278871465732,0.7304629920479229,1.0,0.73,0.42,1.0,1.0,1.0,0.0,1.0
0.6768707117203718,0.0,0.3,0.384816220424428,0.66,1.0,0.5,1.0,1.0,0.0,0.7214661911215958,0.0,0.66,0.0,1.0,1.0,0.0,1.0,0.92,0.05326978513668937,0.79,1.0,0.0,0.0,0.78,0.0,1.0,1.0,1.0,0.0,1.0
0.662134076940725,0.0,0.0,0.7517700146791078,1.0,0.97,1.0,1.0,1.0,0.0,0.22622213825593265,0.79,0.38,0.0,0.0,1.0,0.0,0.0,0.23,0.0,1.0,0.10777361278291794,0.022038615226848544,1.0,0.51,0.47,1.0,1.0,1.0,0.0,1.0
0.6436797057603516,1.0,0.5,0.8711403916864545,1.0,1.0,0.98,0.5,0.6,0.0,0.4136480281100908,0.47,1.0,1.0,1.0,1.0,0.0,1.0,0.26,0.04342873716566345,0.87,0.7657137817218478,0.6325874389533284,0.0,0.56,0.47,1.0,1.0,1.0,0.0,0.0
0.6986995455427728,0.0,0.0,0.3072908685066081,1.0,1.0,1.0,0.5,0.8,0.0,0.34782413248430943,0.64,1.0,1.0,0.0,1.0,0.0,0.0,0.14,0.17221891751981105,1.0,0.22101159912755228,0.5973592229414698,0.0,0.55,0.0,1.0,1.0,1.0,0.0,0.0
0.3588418314385357,0.0,0.5,0.6150596055463933,1.0,1.0,0.97,0.6,1.0,0.0,0.7657030765059364,0.0,0.26,1.0,0.0,1.0,0.0,0.0,0.02,0.8293230070941485,0.82,0.4184179413504728,0.26502437831264514,1.0,0.55,0.0,1.0,1.0,1.0,1.0,1.0
0.6522174857012103,1.0,0.9,0.7052660939646009,0.67,0.83,1.0,0.4,1.0,0.0,0.11413192780987584,0.84,0.64,1.0,0.0,1.0,0.0,0.0,1.0,0.0319546408432054,0.59,0.6023724714663177,0.7425518003227759,1.0,0.76,0.04,1.0,1.0,1.0,0.0,0.0
0.6511004830877897,0.0,1.0,0.7282073213764398,0.7,0.99,0.95,0.5,0.7,0.0,0.41216948331215514,0.34,0.99,1.0,0.0,1.0,0.0,1.0,0.19,0.0,0.78,0.26441335845320035,0.85782790008858,1.0,0.79,0.0,1.0,1.0,1.0,0.0,0.0
0.403076970100544,0.0,1.0,0.6762653207334237,0.75,0.99,0.98,0.6,1.0,0.0,0.40780202858875975,0.05,0.97,1.0,0.0,1.0,0.0,0.0,0.06,0.03588352124226171,0.83,0.30140650380049994,0.545423969886125,0.0,0.91,0.13,1.0,1.0,1.0,0.0,0.0
0.34855515821656896,0.0,0.0,0.5669585003334857,1.0,1.0,0.73,0.5,1.0,1.0,0.603583909930167,0.0,1.0,1.0,1.0,0.9,0.0,0.0,0.16,0.10857393135919555,0.82,0.781562290452557,0.621793624523361,1.0,0.82,0.23,1.0,1.0,1.0,0.0,0.0
0.42976808979452913,0.0,0.5,0.6966970621034136,1.0,0.79,1.0,0.5,1.0,0.0,0.358945830996193,0.0,0.95,1.0,0.0,1.0,0.0,1.0,0.24,0.0,0.9,0.1263011462204881,0.0,0.0,0.8,0.48,1.0,1.0,1.0,1.0,0.0
0.6854058747891605,0.0,0.8,0.33191023544272885,0.49,1.0,0.99,0.6,1.0,0.0,0.0,0.6,1.0,1.0,1.0,1.0,1.0,0.0,0.15,0.0,0.29,0.3996622148319719,0.08593626359110401,0.0,0.84,0.46,1.0,1.0,1.0,0.0,0.0
0.3333333333333333,0.0,0.9,0.6820749357066613,1.0,1.0,1.0,0.6,1.0,1.0,0.3484109635540027,0.0,0.53,1.0,0.0,1.0,0.0,0.0,0.26,0.04155753746416738,0.78,0.8974437873682292,0.6758140554924672,0.0,0.74,0.0,1.0,1.0,1.0,0.0,1.0
0.689223447302493,0.0,0.9,0.6878673250298586,0.67,0.83,1.0,0.4,1.0,0.0,0.38210632694882146,0.56,1.0,1.0,0.0,1.0,1.0,0.0,0.19,0.0,0.86,0.7804415615875488,0.0,1.0,0.87,0.19,1.0,1.0,1.0,0.0,1.0
0.6654787004716276,0.0,0.4,0.739254350791202,1.0,1.0,0.96,0.5,1.0,0.0,1.0,0.0,0.98,1.0,0.0,0.6,1.0,1.0,0.43,0.5599760875904125,0.87,0.2014310058497813,0.8646064061614216,0.0,0.49,0.04,1.0,1.0,1.0,0.0,0.0
0.39889551966988235,0.0,0.9,0.42176711000276607,1.0,1.0,1.0,0.5,1.0,1.0,0.2935796451422516,0.41,1.0,1.0,0.0,1.0,0.0,0.0,0.24,0.0,0.79,0.17744020762885535,0.4913014550541913,0.0,0.44,0.0,1.0,1.0,1.0,0.0,1.0
0.6541765822735303,0.0,1.0,0.7572336974802385,0.7,0.87,0.71,1.0,1.0,0.0,0.3832386857042555,0.0,0.64,1.0,1.0,1.0,0.0,0.0,0.28,0.0,0.83,0.5505070407507621,0.8350486012759248,1.0,0.83,0.56,1.0,1.0,1.0,0.0,0.0
0.6532000451547391,0.0,0.5,0.27640167728791554,1.0,0.77,0.99,0.6,1.0,0.0,1.0,0.0,1.0,1.0,0.0,1.0,0.0,0.0,0.23,0.0,0.34,0.5734249366500973,0.9161847178705269,1.0,0.88,0.0,1.0,1.0,1.0,0.0,1.0
0.6829729967860957,0.0,0.0,0.6427557836140966,1.0,1.0,0.94,1.0,1.0,0.0,0.4110463251993287,0.43,0.97,1.0,1.0,1.0,0.0,0.0,0.3,0.3634281284668379,0.7,0.6704101974375243,0.7388576497724352,1.0,0.12,0.2,1.0,1.0,1.0,0.0,1.0
0.6925897926190984,0.0,0.8,0.5464600745825261,0.34,0.5,0.97,1.0,1.0,0.0,0.30482603609024733,0.67,0.64,1.0,0.0,1.0,0.0,1.0,0.0,0.0,1.0,0.8137777951712435,0.3337961392241739,1.0,0.83,0.5,1.0,1.0,1.0,0.0,1.0
0.6458506617437318,0.0,0.4,0.6410338009481509,1.0,0.78,0.99,1.0,1.0,1.0,0.7532618456073535,0.4,1.0,1.0,1.0,1.0,0.0,0.0,0.76,0.2905709152697498,0.64,0.7713216596457791,0.8206662488320614,0.0,0.72,0.23,1.0,1.0,1.0,0.0,1.0
0.3595521217949941,1.0,0.8,0.33883380859845386,0.44,0.88,0.97,1.0,1.0,1.0,0.7327732407085518,0.57,1.0,0.0,1.0,1.0,0.0,0.0,0.27,0.0,1.0,0.7631905011691128,0.0,0.0,0.57,0.0,1.0,1.0,1.0,0.0,1.0
0.6875604074571641,0.0,0.0,0.3577163372279687,1.0,1.0,1.0,1.0,1.0,0.0,0.38173253285494113,0.81,1.0,1.0,1.0,0.5,1.0,0.0,0.2,0.0,0.79,0.8138678214640359,0.5795455084247175,0.0,0.57,0.0,1.0,1.0,1.0,0.0,0.0
0.6725101138211492,0.0,1.0,1.0,1.0,0.81,1.0,0.6,1.0,0.0,0.40768836314577617,0.41,0.0,1.0,0.0,1.0,0.0,0.0,0.7,0.32761974910778935,0.85,0.3881663323044038,0.0,0.0,0.44,0.44,1.0,1.0,1.0,0.0,1.0
0.6628407477700051,0.0,0.0,0.9705543760008095,0.58,0.83,1.0,0.4,1.0,0.0,0.2738642785292716,0.41,0.59,1.0,0.0,1.0,1.0,0.0,0.32,0.0,0.22,0.44497746015129847,0.507277620634309,1.0,0.8,0.23,1.0,1.0,1.0,0.0,1.0
0.6811049003112493,0.0,0.4,0.6319651585558533,1.0,1.0,0.96,1.0,1.0,0.0,0.13748765194224288,0.78,1.0,0.0,0.0,0.7,0.0,0.0,0.13,0.07868191341499733,1.0,0.7310934343782676,0.6024575183565286,1.0,0.51,0.0,1.0,1.0,1.0,0.0,0.0
0.6811922682771567,1.0,0.6,0.7299508816695589,0.78,1.0,0.99,0.5,1.0,0.0,0.37048810144480526,0.0,1.0,0.0,1.0,1.0,0.0,0.0,0.78,0.14745839549475934,0.87,0.3763448202175218,0.1904558821197002,1.0,0.0,0.41,1.0,1.0,1.0,0.0,1.0
0.3956107300421121,1.0,0.9,0.6483446079844408,0.99,1.0,0.59,0.6,1.0,0.0,0.3785391260549484,0.0,0.43,1.0,0.0,1.0,0.0,0.0,0.14,0.0795522255821722,1.0,0.6358973261316312,0.5045736641789023,1.0,0.76,0.17,1.0,1.0,1.0,0.0,1.0
0.6603944386167494,0.0,1.0,0.7227988762339939,1.0,0.79,0.96,0.6,1.0,0.0,0.8274136067727614,0.86,0.47,0.0,1.0,1.0,0.0,1.0,0.38,0.0,0.88,1.0,0.04594002292870788,1.0,0.45,0.26,1.0,1.0,1.0,0.0,0.0
0.6568024776658323,1.0,0.5,0.0,1.0,0.99,0.95,1.0,1.0,0.0,0.3411477160284148,0.0,0.87,0.0,0.0,1.0,0.0,1.0,0.16,0.0,1.0,0.7895157003413077,0.0,1.0,0.48,0.47,1.0,1.0,1.0,0.0,1.0
0.6529364265115652,0.0,0.4,0.7189000470531361,0.74,1.0,1.0,0.6,1.0,0.0,0.3684714155003271,0.0,0.38,1.0,0.0,1.0,0.0,0.0,0.0,0.2852609404921764,0.75,0.4159174483254823,0.566752092221024,1.0,0.0,0.11,1.0,1.0,1.0,0.0,1.0
0.6729037596525969,1.0,0.5,0.0,1.0,1.0,0.96,0.4,1.0,0.0,0.0,0.68,0.85,0.0,0.0,1.0,0.0,0.0,0.2,0.148114531650754,0.87,0.34584434593299823,0.6786091475815809,1.0,0.54,0.33,1.0,1.0,1.0,0.0,0.0
0.656721844616528,0.0,0.3,0.6533701647117833,1.0,0.86,1.0,0.5,1.0,0.0,0.39213574997072775,0.65,1.0,1.0,1.0,1.0,0.0,1.0,0.57,0.0,1.0,0.8127754958476225,0.3323920557500244,1.0,0.63,0.0,1.0,1.0,1.0,0.0,0.0
0.6301257268153178,0.0,0.0,0.647304074256762,0.81,1.0,1.0,0.5,1.0,0.0,0.3811816547123095,0.59,0.32,0.0,0.0,1.0,1.0,1.0,0.25,0.20909416723426777,0.7,0.45770681549378056,0.6507878420328589,0.0,0.51,0.0,1.0,1.0,1.0,0.0,1.0
0.6813120539673996,0.0,0.9,0.6306508681297373,0.84,0.99,0.99,0.7,1.0,0.0,0.7868958626149696,0.57,1.0,1.0,0.0,1.0,0.0,0.0,0.21,0.0,0.82,0.28532695752019566,0.6859255167809779,1.0,0.7,0.0,1.0,1.0,1.0,0.0,0.0
1.0,1.0,0.8,0.6643872291358844,1.0,1.0,1.0,0.5,1.0,0.0,0.409513562438233,0.71,1.0,1.0,0.0,1.0,0.0,0.0,0.19,0.11491470875286844,1.0,0.1188190938430251,0.48056960287235617,1.0,0.55,0.49,1.0,1.0,1.0,0.0,1.0
0.6936920169632775,0.0,0.9,0.6179610406952671,1.0,0.43,1.0,0.5,1.0,1.0,0.36957354838427275,0.73,1.0,1.0,0.0,1.0,0.0,1.0,0.21,0.5112074861650917,0.71,0.0,0.27862835777698336,0.0,0.56,0.03,1.0,1.0,1.0,0.0,1.0
0.6524115197072423,0.0,0.9,0.5781683221431211,1.0,0.98,0.98,1.0,1.0,0.0,0.3597012711133937,0.74,0.0,1.0,0.0,1.0,1.0,0.0,0.21,0.0,1.0,0.43064352968333675,0.25458659457110305,1.0,0.5,0.02,1.0,1.0,1.0,1.0,1.0
0.3333333333333333,0.0,0.0,0.7523773177516068,0.45,1.0,1.0,1.0,1.0,0.0,0.3713194629378529,0.63,1.0,1.0,1.0,1.0,0.0,0.0,0.31,0.0,0.93,0.7569431065023795,0.5596551440538995,1.0,0.85,0.16,1.0,1.0,1.0,0.0,1.0
1.0,0.0,0.4,0.24313690359853474,1.0,0.98,0.69,1.0,1.0,0.0,0.374296662291011,0.71,0.72,1.0,0.0,1.0,0.0,0.0,0.0,0.2951019309187061,0.16,0.788571378381808,0.0,0.0,0.86,0.57,1.0,1.0,1.0,0.0,1.0
0.6828947200074933,0.0,0.3,0.36996303194123775,0.98,1.0,0.99,0.4,1.0,0.0,0.34580548011297113,0.59,1.0,0.0,1.0,1.0,0.0,0.0,0.3,0.3206122565779461,0.77,0.14637681182660395,0.6055447876160047,0.0,0.39,0.13,1.0,1.0,1.0,0.0,1.0
0.692693835000659,0.0,0.0,0.0,0.79,0.99,1.0,0.6,1.0,0.0,0.3514880564731231,0.44,1.0,0.0,1.0,0.5,0.0,1.0,0.0,0.0,0.85,1.0,0.7609496458810389,0.0,0.52,0.0,1.0,1.0,1.0,0.0,1.0
0.6641248759409171,0.0,0.4,1.0,0.83,1.0,0.99,0.5,1.0,0.0,0.8820242195130846,0.4,0.38,1.0,0.0,1.0,0.0,0.0,0.23,0.0,0.86,1.0,0.4994463858393633,0.0,0.43,0.94,1.0,1.0,1.0,0.0,1.0
0.6679444998417106,0.0,0.3,0.7497979689185226,1.0,1.0,1.0,0.4,1.0,0.0,0.3928440984128447,0.0,0.62,1.0,0.0,0.5,0.0,0.0,1.0,0.16866023697706695,0.68,0.760940687468872,0.5896608905847247,1.0,0.56,0.34,1.0,1.0,1.0,0.0,1.0
0.6774872063325449,0.0,0.0,0.7138963180027256,0.83,1.0,1.0,1.0,1.0,0.0,0.14964374114836934,0.0,1.0,1.0,0.0,1.0,1.0,0.0,0.14,0.0,1.0,0.4497502526661443,0.6856394212303908,0.0,0.52,0.0,1.0,1.0,1.0,0.0,0.0
0.40495097976839683,0.0,0.4,0.0,1.0,0.99,0.76,0.6,1.0,0.0,0.3258250262997756,0.43,0.83,1.0,0.0,1.0,0.0,0.0,0.28,0.06131864890479838,0.82,0.3057820907253401,0.23248810722597002,0.0,0.76,0.0,1.0,1.0,1.0,0.0,1.0
0.347507506814794,0.0,0.4,1.0,1.0,0.79,0.43,1.0,1.0,0.0,0.390692562584051,0.44,0.25,1.0,0.0,1.0,0.0,1.0,0.15,0.0,0.79,0.7880934752794246,0.28019649730455926,0.0,0.35,0.63,1.0,1.0,1.0,0.0,0.0
0.6587978317607686,1.0,0.4,0.5853237727086942,1.0,1.0,0.99,0.6,0.6,0.0,0.36160850155950897,0.93,0.48,0.0,0.0,1.0,0.0,0.0,0.19,0.46658451914343574,0.54,1.0,0.0725251644230983,1.0,0.21,0.0,1.0,1.0,1.0,0.0,0.0
0.6981852976058593,0.0,0.0,0.6654275007280663,0.99,0.43,0.97,1.0,1.0,0.0,0.3687338527317649,0.0,1.0,1.0,0.0,1.0,0.0,1.0,0.26,0.0,0.85,0.3563576605761595,0.5752714760855602,1.0,0.77,0.58,1.0,1.0,1.0,0.0,1.0
0.675365354704842,0.0,0.8,0.5664143742773418,1.0,0.86,1.0,0.5,1.0,1.0,0.38854054911790403,0.71,0.0,1.0,0.0,1.0,0.0,0.0,0.15,0.0,0.88,1.0,0.6234624512007854,0.0,0.53,1.0,1.0,1.0,1.0,0.0,1.0
0.6481223374412313,0.0,0.0,0.3902569214798997,0.81,1.0,0.83,0.6,1.0,0.0,0.3733905689228329,0.46,0.2,1.0,1.0,1.0,0.0,1.0,0.23,0.0,0.63,0.29265723279452344,0.0,1.0,0.81,0.34,1.0,1.0,1.0,0.0,1.0
0.6923662780833157,1.0,0.4,0.05018578024468537,0.9,1.0,1.0,0.6,1.0,0.0,0.33595338091529836,0.0,0.01,0.0,0.0,1.0,0.0,0.0,0.33,0.686571787867148,0.62,0.3930300616329694,0.47157166908888865,0.0,0.77,0.76,1.0,1.0,1.0,0.0,0.0
0.3542706779662048,0.0,0.6,0.6650282588503721,0.75,0.82,0.95,0.6,1.0,0.0,0.3465494140688009,0.83,0.06,1.0,0.0,1.0,0.0,0.0,0.32,0.5494420381573665,0.31,0.3804471774673727,0.6733113080481266,1.0,0.53,0.0,1.0,1.0,1.0,0.0,0.0
0.4800799190158611,0.0,0.9,0.6648609557575454,0.59,1.0,1.0,0.5,1.0,0.0,1.0,0.88,1.0,1.0,0.0,1.0,0.0,0.0,0.15,0.0,0.85,0.6476698531236698,0.0,0.0,0.47,0.18,1.0,1.0,1.0,0.0,1.0
0.3333333333333333,0.0,0.0,1.0,0.72,1.0,0.99,0.5,1.0,0.0,0.3498045884108255,0.66,1.0,1.0,0.0,1.0,0.0,0.0,0.16,0.0,0.73,0.0829080614610953,0.7889260754235877,1.0,0.29,0.46,1.0,1.0,1.0,0.0,0.0
0.6708228668911993,0.0,0.4,0.3735454033381086,0.74,0.89,1.0,1.0,1.0,0.0,0.35130329654716136,0.51,1.0,1.0,1.0,1.0,0.0,1.0,0.03,0.34893737932350777,0.85,0.0,0.10563892601287823,0.0,0.53,0.0,1.0,1.0,1.0,0.0,0.0
0.41967610669925676,0.0,0.4,0.765482236676098,1.0,0.87,1.0,0.6,0.9,0.0,0.31447673861762254,0.0,0.96,0.0,0.0,1.0,0.0,0.0,0.4,0.0,1.0,0.38976406935684715,0.0,0.0,0.47,0.0,1.0,1.0,1.0,0.0,1.0
0.6547946608533929,1.0,0.0,0.7175145046704589,1.0,1.0,1.0,0.6,1.0,0.0,0.37887094929729276,0.78,0.14,1.0,0.0,1.0,0.0,1.0,0.24,0.0,0.56,0.13189063385915126,0.5476858989793723,1.0,0.48,0.64,1.0,1.0,1.0,0.0,1.0
0.688526682039793,0.0,0.9,0.7069954203141252,1.0,1.0,0.97,0.4,1.0,0.0,0.11032194971156321,0.38,0.99,1.0,0.0,1.0,0.0,0.0,0.06,0.0,0.44,0.34791354183772016,0.7632621850844252,1.0,0.44,0.36,1.0,1.0,1.0,0.0,0.0
0.672492532051254,0.0,0.8,0.6389125921715374,0.66,0.81,0.99,1.0,1.0,0.0,0.40626775943293425,0.43,1.0,1.0,0.0,1.0,1.0,0.0,0.24,0.5917859992118286,0.78,0.05854774584847145,0.3577467874603304,0.0,0.77,0.2,1.0,1.0,1.0,1.0,0.0
0.3333333333333333,0.0,0.9,0.40389691698318864,1.0,0.97,0.99,0.5,1.0,0.0,0.41066803641548233,0.78,1.0,0.0,0.0,1.0,0.0,0.0,0.43,0.0,0.86,0.3886115629759719,0.05919578364959752,1.0,0.49,0.0,1.0,1.0,1.0,1.0,1.0
0.6519450093261233,0.0,0.9,0.3596811511647461,0.58,1.0,1.0,0.5,0.6,0.0,0.006312613923012272,0.96,1.0,1.0,0.0,0.5,0.0,0.0,0.22,0.0,1.0,1.0,0.6375519288818936,0.0,0.04,0.04,1.0,1.0,1.0,1.0,1.0
0.666283395939218,1.0,0.4,0.425537456007334,1.0,1.0,1.0,0.4,1.0,0.0,0.6900093096884923,0.0,0.16,0.0,1.0,1.0,0.0,1.0,0.21,0.0,1.0,0.42798034786605793,0.5828396972442822,0.0,0.83,0.0,1.0,1.0,1.0,0.0,1.0
0.6602017300129872,0.0,0.4,0.787544813685342,1.0,0.78,0.95,0.6,1.0,0.0,0.07478138212831081,0.0,0.92,1.0,0.0,1.0,1.0,0.0,0.04,0.059767488673194175,0.85,0.12386764999583169,0.9409910201924281,1.0,0.83,0.0,1.0,1.0,1.0,0.0,0.0
0.6423732228783443,1.0,0.4,0.5894502116271968,1.0,0.99,0.95,0.5,0.3,1.0,0.38126863982261994,0.8,1.0,1.0,0.0,1.0,0.0,1.0,0.0,0.0,0.9,0.42012888457012004,0.0011512470499617242,1.0,0.66,0.0,1.0,1.0,1.0,0.0,1.0
0.6625492804095527,0.0,0.5,0.6451821286668598,1.0,1.0,0.96,0.6,1.0,0.0,0.3866514627676598,0.9,0.96,1.0,0.0,1.0,0.0,0.0,0.0,0.0,1.0,1.0,0.6526935382774783,0.0,0.87,0.44,1.0,1.0,1.0,0.0,0.0
0.672568933721576,0.0,1.0,0.5821222022788437,1.0,1.0,0.98,0.5,1.0,0.0,0.3669173641974507,0.16,0.8,1.0,0.0,1.0,0.0,0.0,0.31,0.46591953347781345,0.86,0.38489766388279845,0.44840224711113597,1.0,0.58,0.0,1.0,1.0,1.0,0.0,1.0
0.6783630250945156,1.0,0.9,0.6272451415182712,1.0,1.0,1.0,0.6,1.0,0.0,0.8313417162430197,0.0,1.0,0.0,1.0,1.0,0.0,0.0,0.21,0.03863744430786631,0.8,0.33216689654286974,0.7060140165148546,0.0,0.54,0.0,1.0,1.0,1.0,0.0,0.0
0.6750008317549134,0.0,0.9,1.0,1.0,1.0,0.98,0.4,1.0,1.0,0.4183772870050865,0.4,1.0,1.0,0.0,1.0,0.0,0.0,0.3,0.2945952055943437,1.0,0.8550901733697946,0.7381717402626108,1.0,0.46,0.37,1.0,1.0,1.0,0.0,1.0
0.6920535130082018,0.0,0.4,0.610437467986338,1.0,0.68,0.96,0.6,1.0,0.0,0.32038258518079393,0.15,0.61,0.0,1.0,0.6,0.0,1.0,0.31,0.4497775303723601,0.71,0.1607062423673905,0.6025026445006716,1.0,0.48,0.38,1.0,1.0,1.0,0.0,1.0
0.3333333333333333,0.0,0.5,0.2037485513510564,0.97,0.8,1.0,0.5,0.7,0.0,0.0078655623311782,0.71,1.0,1.0,0.0,0.7,0.0,0.0,0.26,0.2515551530081678,1.0,0.34528043950467563,0.0,1.0,0.34,0.0,1.0,1.0,1.0,0.0,1.0
0.6589473545102335,0.0,0.8,0.0,0.85,1.0,1.0,1.0,1.0,1.0,0.36693864661567555,0.0,1.0,0.0,0.0,1.0,1.0,0.0,0.54,0.3245443660866043,0.76,0.37811968682132124,0.0,0.0,0.56,0.18,1.0,1.0,1.0,0.0,1.0
0.6449588119257352,0.0,0.9,0.7895459141165504,1.0,1.0,1.0,0.6,1.0,0.0,0.4125386235036183,0.0,0.75,1.0,1.0,0.5,0.0,0.0,0.83,0.0,0.62,0.08924838607474214,0.6934289910190139,1.0,0.0,0.0,1.0,1.0,1.0,1.0,1.0
0.36331951593423145,0.0,0.8,0.7765260698992785,1.0,0.99,0.82,0.6,1.0,0.0,0.7528382079333827,0.0,0.74,1.0,0.0,1.0,1.0,0.0,0.19,0.4243998459276789,0.82,1.0,0.0,0.0,0.67,0.0,1.0,1.0,1.0,0.0,1.0
0.37984962688651436,0.0,0.5,0.8384381305986689,1.0,1.0,0.99,0.5,0.5,0.0,0.38537165797360484,0.0,0.66,1.0,0.0,1.0,1.0,1.0,0.19,0.059225318240971714,0.79,0.2891073562219879,0.07810003576148013,0.0,0.82,0.0,1.0,1.0,1.0,0.0,1.0
0.6757724968368226,0.0,0.0,0.31235213919167243,0.76,1.0,0.5,0.6,1.0,0.0,0.3128948082960228,0.05,1.0,1.0,0.0,0.4,0.0,1.0,0.06,0.0,0.58,0.7093756997642604,0.9310588886921388,1.0,0.77,0.49,1.0,1.0,1.0,0.0,0.0
0.39065410130391554,0.0,0.0,0.38239092796229013,1.0,1.0,0.99,0.5,1.0,0.0,0.3625034163765522,0.89,0.56,1.0,1.0,1.0,0.0,1.0,0.36,0.009949238809278615,0.87,0.038270203548672714,0.0,1.0,0.0,0.0,1.0,1.0,1.0,1.0,1.0
0.6668742853535797,0.0,0.0,0.9938967083419897,1.0,0.83,1.0,1.0,0.3,0.0,0.3380522405774688,0.39,0.96,1.0,0.0,1.0,0.0,0.0,0.3,0.2875752592846397,0.91,0.008840988667855819,0.0,1.0,0.79,0.0,1.0,1.0,1.0,0.0,1.0
0.6818454913946268,1.0,0.5,0.6120336300590589,1.0,1.0,1.0,0.6,0.7,0.0,0.3070687149237478,0.97,1.0,1.0,0.0,1.0,1.0,0.0,0.41,0.07816351576503208,0.62,1.0,0.0,1.0,0.81,0.23,1.0,1.0,1.0,0.0,1.0
0.6673140247974919,0.0,0.4,0.13619515853648945,1.0,1.0,1.0,0.6,1.0,1.0,0.334184443179233,0.0,1.0,1.0,1.0,1.0,0.0,0.0,0.22,0.6899065955732602,0.75,0.16078008525104748,0.0,1.0,0.15,0.04,1.0,1.0,1.0,0.0,1.0
0.6425860934770042,0.0,0.4,0.7348894288602161,1.0,1.0,0.98,1.0,1.0,0.0,0.8456933988958162,0.0,1.0,1.0,0.0,1.0,1.0,0.0,0.27,0.12487938992302292,0.78,0.12068682164771916,0.5576771333439008,0.0,0.49,0.52,1.0,1.0,1.0,0.0,1.0
0.3333333333333333,0.0,0.0,0.6345382394749873,1.0,1.0,1.0,0.5,0.9,0.0,0.3756904907560646,0.82,1.0,1.0,0.0,1.0,1.0,0.0,0.0,0.5010460304393984,1.0,0.3760525078005937,0.24634065111602024,1.0,0.78,0.0,1.0,1.0,1.0,1.0,1.0
0.6539957059219825,0.0,0.0,0.7488488644959296,1.0,1.0,1.0,0.5,0.3,0.0,0.38514358001382853,0.57,1.0,1.0,0.0,1.0,1.0,0.0,0.5,0.0,0.84,0.8073036839845958,0.0,1.0,0.54,0.0,1.0,1.0,1.0,0.0,1.0
0.38184436237394076,0.0,0.9,0.7279055413237173,1.0,1.0,0.99,1.0,1.0,0.0,0.39397784415367015,0.61,0.73,1.0,0.0,0.7,0.0,0.0,0.23,0.43129792105072706,0.64,0.8526100743219608,0.024211972004620982,1.0,0.84,0.0,1.0,1.0,1.0,0.0,0.0
0.6788215070532831,0.0,0.0,0.5449905377075869,0.75,0.99,0.98,0.6,1.0,0.0,0.33178563716210213,0.0,0.58,1.0,1.0,0.9,0.0,1.0,0.34,0.0,0.6,1.0,0.759824677932865,1.0,0.86,0.8,1.0,1.0,1.0,0.0,1.0
0.6638203444099345,0.0,0.4,0.6607175818110708,1.0,1.0,0.97,0.6,1.0,0.0,0.3888062930694804,0.21,0.96,0.0,1.0,1.0,1.0,0.0,0.27,0.1467207026752347,0.65,0.31181191786520923,0.6217952926998436,1.0,0.88,0.0,1.0,1.0,1.0,0.0,0.0
1.0,0.0,1.0,0.267112226490728,0.78,0.69,1.0,0.4,1.0,0.0,0.8981890236569048,0.85,0.82,1.0,1.0,1.0,1.0,1.0,0.17,0.0,0.26,0.29895246753155347,0.0,0.0,0.83,0.29,1.0,1.0,1.0,0.0,1.0
0.4131067856743407,1.0,0.3,0.32355858647291447,1.0,1.0,1.0,1.0,1.0,0.0,0.40061751774380344,0.36,0.99,1.0,1.0,1.0,0.0,0.0,0.29,0.13753410595735563,0.58,0.40615036446875524,0.7028523524951137,0.0,0.83,0.48,1.0,1.0,1.0,1.0,1.0
0.6471785166525096,0.0,0.0,0.7593659795714974,1.0,1.0,1.0,0.6,1.0,0.0,0.33508816974524946,0.62,1.0,1.0,0.0,1.0,0.0,0.0,0.01,0.0024895017822657017,1.0,0.5904332429252344,1.0,1.0,0.69,0.27,1.0,1.0,1.0,0.0,1.0
0.6647955376332597,1.0,0.8,0.7024597532946087,0.62,0.45,1.0,0.5,1.0,0.0,0.34813818822946513,0.0,1.0,1.0,0.0,1.0,1.0,0.0,0.5,0.0,0.87,0.45512940066372015,0.7331232839174261,0.0,0.77,0.04,1.0,1.0,1.0,1.0,0.0
0.695561571177026,0.0,0.4,0.5598021962647364,0.53,0.64,0.97,0.6,0.6,0.0,0.347323265421995,0.78,1.0,1.0,0.0,1.0,0.0,0.0,0.19,0.0,0.38,0.38178280866058883,0.6840915898889504,0.0,0.78,0.0,1.0,1.0,1.0,0.0,0.0
0.43298418407085415,1.0,1.0,0.3409162686327556,0.75,0.82,0.96,0.4,1.0,0.0,0.39012696035146927,0.83,1.0,1.0,0.0,1.0,0.0,0.0,0.33,0.3130927285176341,0.9,0.4141331109470837,0.5969184631307322,0.0,0.47,0.0,1.0,1.0,1.0,1.0,1.0
0.6523462512802574,0.0,0.9,0.5963967361730915,0.83,0.83,0.97,0.5,1.0,0.0,0.4297223070047693,0.19,1.0,1.0,0.0,1.0,0.0,0.0,0.0,0.23748925948361085,0.45,0.5754413323701105,0.7564262342929726,0.0,0.91,0.35,1.0,1.0,1.0,0.0,1.0
0.6810117719692708,0.0,0.4,0.0,1.0,1.0,0.66,1.0,0.7,0.0,0.13023607713291602,0.0,0.86,0.0,0.0,1.0,0.0,0.0,0.22,0.0,0.73,0.1124704581177992,0.7299822678518272,0.0,0.88,0.23,1.0,1.0,1.0,0.0,0.0
0.6566323029366059,1.0,1.0,0.5982065185329598,0.85,1.0,0.98,0.5,1.0,0.0,0.36041897022523556,0.05,0.79,1.0,0.0,1.0,0.0,0.0,0.16,0.0,0.79,0.5349995348548537,0.5697553352997163,1.0,0.91,0.42,1.0,1.0,1.0,0.0,1.0
0.6672321934230171,0.0,0.4,0.6238431223112268,0.73,0.73,1.0,0.6,1.0,0.0,0.7458490289917817,0.0,0.97,1.0,1.0,1.0,0.0,0.0,0.23,0.40163969948912276,0.44,0.5993124623369555,0.5956590358596963,1.0,0.53,0.26,1.0,1.0,1.0,0.0,0.0
0.3614630073965429,0.0,0.4,0.0,0.97,1.0,1.0,0.9,1.0,0.0,0.3703791756340202,0.0,1.0,1.0,0.0,1.0,1.0,1.0,0.21,0.0,0.8,0.19641501933887112,0.27448989144504166,1.0,0.73,0.28,1.0,1.0,1.0,0.0,1.0
0.392559392909497,0.0,0.8,0.5925904854148774,0.97,1.0,0.94,0.6,0.5,0.0,0.4303928302426351,0.22,1.0,1.0,0.0,1.0,0.0,0.0,0.22,0.02271222136048301,0.67,0.8398545119809504,0.13040576063935436,1.0,0.49,0.0,1.0,1.0,1.0,0.0,1.0
0.45118262700136275,0.0,0.9,0.0,1.0,0.28,0.98,1.0,1.0,0.0,0.2700128710056886,0.38,0.99,1.0,0.0,1.0,0.0,0.0,0.15,0.0,0.89,0.9005214230834641,0.7048646133639985,0.0,0.84,0.23,1.0,1.0,1.0,0.0,0.0
0.4229427240975075,0.0,0.0,0.31658118581667954,1.0,0.77,0.86,0.6,1.0,0.0,0.33823478492439324,0.6,0.0,0.0,0.0,0.3,0.0,0.0,0.13,0.03779442204255448,0.51,0.7053823906311316,0.9057495978106683,1.0,0.08,0.27,1.0,1.0,1.0,0.0,1.0
0.3333333333333333,0.0,0.0,0.6518785678914697,0.98,1.0,0.97,1.0,1.0,0.0,0.34939419841652336,0.61,0.2,1.0,0.0,0.9,0.0,0.0,0.24,0.7195486327477194,1.0,0.09431967900504178,0.6360724550124043,0.0,0.53,0.0,1.0,1.0,1.0,0.0,1.0
0.6517891249172229,0.0,0.9,0.2952004421649205,1.0,0.61,0.98,0.5,0.6,0.0,0.12064794703487279,0.9,0.83,1.0,1.0,1.0,1.0,1.0,0.27,0.0,0.81,0.3105074468237419,0.3657600738416812,0.0,0.85,0.0,1.0,1.0,1.0,1.0,1.0
0.6865171129546138,0.0,0.9,0.7368417462505099,1.0,0.8,0.83,0.9,1.0,0.0,0.35318928743994255,0.69,0.82,0.0,1.0,1.0,0.0,0.0,0.0,0.0,0.87,0.021896267102471674,0.0,1.0,0.56,0.81,1.0,1.0,1.0,0.0,1.0
0.3333333333333333,0.0,0.9,0.7800072183716618,1.0,0.8,0.99,1.0,1.0,0.0,0.4100962922564211,0.59,1.0,1.0,0.0,1.0,0.0,0.0,0.49,0.0038647876193395603,0.89,0.3335684003097802,0.9946225306548632,1.0,0.81,0.1,1.0,1.0,1.0,0.0,1.0
0.667251311994469,1.0,0.8,0.6229904370755702,0.75,0.77,1.0,0.9,1.0,0.0,0.30109475451838985,0.37,0.81,1.0,0.0,1.0,1.0,0.0,0.21,0.06870204049785433,0.85,0.8119408720662803,0.0,1.0,0.88,0.0,1.0,1.0,0.0,0.0,0.0
0.6548138381280174,1.0,0.9,0.6671221329514107,1.0,0.57,0.67,1.0,1.0,0.0,1.0,0.77,1.0,1.0,0.0,1.0,0.0,1.0,0.9,0.0,0.9,0.8153872023082258,0.6147597419651919,1.0,0.48,0.0,1.0,1.0,1.0,0.0,1.0
0.5026325326325531,1.0,0.4,0.28181625277863875,0.28,0.83,0.99,0.5,1.0,0.0,0.35829885742309153,0.45,1.0,0.0,1.0,0.4,0.0,1.0,0.21,0.08227327923156524,1.0,0.438444754429979,0.5507023692526948,0.0,0.82,0.0,1.0,1.0,1.0,1.0,0.0
0.6534797165707196,0.0,0.0,0.36667992624639884,1.0,1.0,0.77,0.5,1.0,0.0,0.36054351110334143,0.01,0.32,1.0,0.0,0.7,0.0,0.0,1.0,0.2983633929878489,0.98,0.7613466193901106,0.805572616121011,1.0,0.53,0.0,1.0,1.0,1.0,1.0,1.0
0.6968700940791168,0.0,0.9,0.7023680194844834,1.0,1.0,1.0,0.5,1.0,0.0,0.3538905065322052,0.67,0.92,1.0,1.0,1.0,0.0,1.0,0.13,0.07290065266647197,0.86,0.40161799060818304,0.5134872565356365,0.0,0.46,0.0,1.0,1.0,1.0,0.0,1.0
0.6413533377080504,1.0,0.9,0.7574242420643253,1.0,1.0,1.0,1.0,1.0,0.0,1.0,1.0,1.0,1.0,0.0,1.0,0.0,0.0,0.51,0.0,0.86,0.0,0.3356209337455552,1.0,0.0,0.35,1.0,1.0,1.0,0.0,1.0
0.6889812658364315,0.0,0.0,0.0,0.84,1.0,1.0,0.4,0.5,0.0,0.39711579909400674,0.95,0.48,1.0,1.0,0.4,0.0,0.0,0.2,0.0,0.88,0.9765400497984779,0.67135989211035,0.0,0.76,0.14,1.0,1.0,0.0,0.0,1.0
0.65409702284757,0.0,0.9,0.4313158656435412,1.0,1.0,1.0,0.4,1.0,0.0,0.31506696366812464,0.39,0.04,1.0,0.0,1.0,0.0,0.0,0.22,0.0,0.85,0.757364353067882,0.5193506735729498,0.0,0.21,0.0,1.0,1.0,1.0,0.0,1.0
0.6882832382858554,1.0,1.0,0.7251106651573264,1.0,0.8,0.95,0.5,1.0,0.0,0.13312757179413143,0.54,0.99,1.0,0.0,1.0,0.0,0.0,0.07,0.06425522280480214,0.65,0.8341856883074686,0.0,0.0,0.84,0.59,1.0,1.0,1.0,0.0,0.0
0.3333333333333333,0.0,0.0,0.6838063591401615,1.0,0.83,1.0,1.0,1.0,0.0,0.30837266949103664,0.87,1.0,1.0,0.0,1.0,0.0,0.0,0.55,0.6018319190919391,0.85,0.8508789703341024,0.8943774925960837,1.0,0.48,0.13,1.0,1.0,1.0,0.0,1.0
0.6967085158017862,0.0,0.0,0.0,1.0,1.0,0.41,1.0,1.0,0.0,0.35131081168103173,0.75,1.0,1.0,0.0,1.0,0.0,1.0,0.8,0.6212945429522945,0.85,1.0,0.9606392076743445,1.0,0.57,0.54,1.0,1.0,1.0,0.0,0.0
0.6352891655923907,0.0,0.4,0.3152421794524769,0.71,1.0,1.0,0.6,0.6,1.0,0.8768624732004611,0.6,0.88,1.0,1.0,0.6,0.0,0.0,0.23,0.10923907207795067,0.8,0.12297386465599171,0.9610627404122833,1.0,0.89,0.0,1.0,1.0,1.0,0.0,1.0
0.6664944589127969,1.0,0.9,0.39271303196766116,0.78,1.0,1.0,0.6,1.0,0.0,0.3802075010830582,0.74,0.76,0.0,1.0,1.0,0.0,0.0,0.18,0.0,0.76,0.4031198338956141,0.01700890010583895,1.0,0.52,0.0,1.0,1.0,1.0,0.0,0.0
0.6650120410421351,0.0,0.4,0.3201558633156192,1.0,1.0,0.99,1.0,0.4,1.0,0.3987164414712792,0.79,1.0,1.0,1.0,1.0,1.0,0.0,0.3,0.2350840468576692,0.48,0.7163884825339228,0.6642536422379526,0.0,0.23,0.0,1.0,1.0,1.0,0.0,1.0
0.689042124399643,0.0,0.4,0.5726030902453386,0.99,0.99,0.65,1.0,1.0,0.0,0.7339499833534464,0.15,1.0,1.0,1.0,1.0,0.0,0.0,0.04,0.0734077992165463,0.53,0.41154619058728803,0.3956664468984791,0.0,0.91,0.0,1.0,1.0,1.0,0.0,1.0
0.6755406152326401,0.0,0.4,0.7299132875218447,0.7,0.84,1.0,0.6,0.9,0.0,0.34728027499841635,0.0,0.82,1.0,1.0,1.0,0.0,1.0,0.16,0.2908619154850951,0.68,0.09388545613239228,0.6638270116439466,1.0,0.55,0.68,1.0,1.0,1.0,0.0,1.0
0.6847623427850615,0.0,0.5,0.717572698472957,0.69,0.99,0.96,0.6,1.0,0.0,0.38165304910050046,0.84,1.0,1.0,0.0,1.0,0.0,0.0,0.17,0.17638465106509774,0.0,0.32340990338008135,0.5026594382326811,1.0,0.52,0.0,1.0,1.0,1.0,0.0,1.0
0.40471878839954684,0.0,0.0,0.28239471122965687,0.74,0.83,1.0,1.0,0.9,0.0,0.0,0.71,1.0,1.0,0.0,1.0,0.0,0.0,0.48,0.0985809290898067,0.81,0.011197254645597222,0.31463442001430053,1.0,0.54,0.55,1.0,1.0,1.0,0.0,0.0
0.6710963731167443,0.0,0.0,0.4179683819613188,1.0,1.0,1.0,0.6,1.0,0.0,0.36255775681082847,0.0,0.97,0.0,0.0,1.0,0.0,0.0,0.0,0.0,0.62,0.13177079410279482,0.5083590718639929,0.0,0.5,0.94,1.0,1.0,1.0,0.0,1.0
0.7019001103849891,0.0,0.8,0.7119427292483256,1.0,1.0,1.0,0.6,1.0,1.0,0.37564757075337785,0.41,0.0,1.0,0.0,1.0,0.0,0.0,0.47,0.034066975001446814,0.74,0.3709814858068913,0.5114636665154424,0.0,0.76,0.41,1.0,1.0,1.0,0.0,1.0
0.46886563560027017,0.0,0.0,0.598482760170332,0.7,0.75,0.99,0.6,1.0,0.0,0.14197039460774633,0.0,0.92,1.0,1.0,1.0,0.0,0.0,0.32,0.9882050157399056,0.85,0.9942038257389103,0.6345805387793464,1.0,0.56,0.0,1.0,1.0,1.0,0.0,0.0
0.3924002507805262,1.0,0.0,0.6389228631042906,1.0,0.71,0.98,0.5,0.9,1.0,0.21963289994468346,0.0,0.76,1.0,0.0,0.5,0.0,0.0,0.37,0.06560760132884119,0.63,0.06836347159676998,0.6374087793084289,0.0,0.5,0.0,1.0,1.0,1.0,1.0,1.0
0.669366312232366,1.0,0.5,0.6371383279907203,1.0,1.0,0.96,0.5,0.3,0.0,0.4130962467429769,0.58,0.04,0.0,0.0,0.6,0.0,0.0,0.0,0.3389915957658951,0.89,0.10956541131886101,0.0,0.0,0.88,0.17,1.0,1.0,1.0,0.0,0.0
0.41092619620172993,0.0,0.4,0.0,1.0,0.7,0.95,0.6,1.0,0.0,0.2884689744499454,0.0,1.0,1.0,0.0,1.0,0.0,0.0,0.23,0.13551639336505433,0.87,0.06476449862417458,0.0,1.0,0.54,0.24,1.0,1.0,1.0,0.0,1.0
0.4315549436239762,0.0,0.0,0.41501967889334457,0.76,1.0,1.0,1.0,1.0,1.0,0.41608866925588384,0.0,0.27,1.0,0.0,1.0,0.0,0.0,0.16,0.0,1.0,0.008689949750900778,0.9492340903288359,1.0,0.5,0.24,1.0,1.0,1.0,0.0,1.0
0.6402578428512792,1.0,0.9,0.6801533966633271,0.72,0.78,0.95,1.0,1.0,0.0,0.0,0.0,1.0,1.0,0.0,1.0,0.0,1.0,0.21,0.0,0.65,1.0,0.045251990523541466,1.0,0.22,0.79,1.0,1.0,1.0,0.0,1.0
0.6817036631720107,1.0,0.8,0.7295101984202388,0.96,0.82,1.0,0.6,1.0,0.0,0.3520136014653602,0.12,0.98,1.0,0.0,1.0,1.0,1.0,0.25,0.0,0.8,0.16079355379640678,0.6459978177506458,1.0,0.53,0.0,1.0,1.0,1.0,0.0,1.0
0.33855082583917656,0.0,0.8,0.684810841249304,1.0,0.99,0.98,0.6,1.0,0.0,0.703859068317756,0.43,0.37,1.0,0.0,0.5,0.0,1.0,0.03,0.4948879959513186,1.0,0.41234969457979287,0.0,0.0,0.18,0.0,1.0,1.0,1.0,0.0,1.0
0.6616378009971092,1.0,0.9,0.34391964963030214,1.0,1.0,1.0,0.4,1.0,0.0,0.37338030584329185,0.02,1.0,1.0,0.0,1.0,0.0,0.0,0.25,0.0,0.98,0.3824871692828519,0.18410882457762334,1.0,0.8,0.29,1.0,1.0,1.0,0.0,1.0
0.6942683911804738,0.0,0.4,0.7484408899777057,1.0,0.39,0.97,1.0,1.0,0.0,0.41472194058707657,0.77,0.59,1.0,0.0,0.6,0.0,0.0,0.16,0.03410054415873179,0.65,0.45754436998744513,1.0,0.0,0.44,0.03,1.0,1.0,1.0,0.0,1.0
0.6624072007473355,0.0,0.4,0.35723900715589796,1.0,1.0,1.0,1.0,1.0,0.0,0.378422257992275,0.64,0.95,1.0,0.0,0.4,0.0,0.0,0.15,0.07317530103778597,0.84,0.410626265577486,0.5271261229700859,1.0,0.46,0.43,1.0,1.0,1.0,0.0,1.0
0.6807958080866651,0.0,1.0,0.6708547251630532,0.98,0.15,0.75,0.6,1.0,0.0,1.0,0.43,0.96,1.0,0.0,1.0,0.0,0.0,0.17,0.0,0.82,0.3787714803001671,0.4080960299498195,0.0,0.48,0.07,1.0,1.0,1.0,0.0,1.0
0.6855345222832128,0.0,0.4,0.6206820577196135,1.0,0.76,0.98,1.0,0.4,0.0,0.38238131440789613,0.78,1.0,1.0,0.0,1.0,0.0,0.0,0.0,0.2823914272216727,0.89,0.0,0.6438029588750559,0.0,0.55,0.0,1.0,1.0,1.0,0.0,0.0
0.6894715750945599,0.0,0.0,0.6724339127468245,0.69,1.0,1.0,1.0,1.0,0.0,0.1604334707667873,0.42,0.34,1.0,1.0,1.0,0.0,0.0,0.2,0.4622120213180754,1.0,0.0,0.0,1.0,0.51,0.0,1.0,1.0,1.0,0.0,0.0
0.6466224693420142,0.0,0.0,0.7876029141359302,1.0,1.0,1.0,1.0,1.0,0.0,0.4050685651275894,0.0,0.89,1.0,1.0,1.0,0.0,1.0,0.27,0.0,0.63,0.38933099863853726,0.5882025431195683,0.0,0.79,0.47,1.0,1.0,1.0,0.0,1.0
0.6601878102352313,0.0,0.0,0.6372474608187189,0.82,0.97,1.0,0.5,1.0,1.0,0.3201942031715693,0.78,0.75,1.0,0.0,0.6,0.0,0.0,0.0,0.0,0.8,0.08197830491422212,0.6280797666760523,1.0,0.51,0.0,1.0,1.0,1.0,0.0,0.0
0.6621426672847762,0.0,0.8,0.7351662350543767,0.98,0.85,1.0,1.0,0.6,0.0,0.3930961929585159,0.42,0.97,1.0,0.0,0.5,1.0,1.0,0.27,0.5244460164326342,0.77,0.12426975080094484,0.633630413758116,1.0,0.78,0.35,1.0,1.0,0.0,0.0,1.0
0.6541503158273179,0.0,1.0,0.306739004517546,1.0,1.0,0.15,0.4,1.0,0.0,0.0,0.0,0.19,1.0,0.0,1.0,0.0,1.0,0.0,0.05783410408735834,0.89,0.16189915886648326,0.0,1.0,0.65,0.0,1.0,1.0,1.0,1.0,1.0
0.6667653462197198,0.0,0.4,0.289166997798825,1.0,1.0,0.72,1.0,1.0,0.0,0.33341658061578283,0.91,1.0,1.0,0.0,1.0,0.0,0.0,0.24,0.06265327610265928,0.82,0.005668285112356455,0.6968800902261192,1.0,0.78,0.17,1.0,1.0,1.0,0.0,1.0
0.33977480371716945,0.0,0.9,0.6866950206360312,1.0,0.76,0.96,1.0,1.0,0.0,0.42322435699035055,0.94,0.99,0.0,0.0,1.0,1.0,0.0,0.14,0.0,0.84,0.11718970971372294,0.5518418782780741,0.0,0.85,0.43,1.0,1.0,1.0,0.0,1.0
0.3333333333333333,1.0,0.0,0.24322999447006374,0.74,1.0,0.97,1.0,1.0,0.0,0.392555978988331,0.64,0.44,1.0,1.0,1.0,0.0,0.0,0.26,0.05593450962967278,0.78,0.1627329967851075,0.2411968943685503,1.0,0.91,0.18,1.0,1.0,1.0,0.0,0.0
0.6808845645692363,0.0,0.4,0.2673000593692667,1.0,1.0,0.94,0.5,1.0,0.0,0.3858660738698713,0.79,1.0,1.0,0.0,1.0,0.0,0.0,0.14,0.0,0.84,0.39890590831435013,0.0,0.0,0.54,0.21,1.0,1.0,1.0,1.0,0.0
0.6797154742573945,0.0,0.4,0.6803330235192849,1.0,1.0,1.0,0.6,0.6,0.0,0.0,0.78,1.0,1.0,1.0,0.6,0.0,0.0,0.36,0.0,0.51,0.6846579438674935,0.6485149844133631,1.0,0.57,0.0,1.0,1.0,1.0,0.0,1.0
0.6487069871091591,0.0,0.4,0.6015731529208243,0.52,1.0,0.0,0.5,1.0,0.0,0.37279278128090293,0.17,1.0,1.0,0.0,1.0,0.0,0.0,1.0,0.31997494437753815,1.0,0.03529860932814717,0.3409027172756069,1.0,0.88,0.49,1.0,1.0,1.0,0.0,1.0
0.6773604380186694,1.0,0.0,0.12468398832442129,0.79,1.0,1.0,0.4,1.0,1.0,0.023613949512116296,0.43,0.43,1.0,0.0,0.4,0.0,0.0,0.0,0.1856896973738905,0.83,0.37733615834331496,0.8573687777045342,0.0,0.81,0.39,1.0,1.0,1.0,0.0,1.0
0.6959500409495324,0.0,0.5,0.361650098586622,0.78,1.0,1.0,0.4,0.3,1.0,0.20585404736283605,0.47,0.61,1.0,0.0,1.0,0.0,0.0,0.0,0.6906246052754862,0.43,1.0,0.5732894459897055,1.0,0.56,0.53,1.0,1.0,1.0,1.0,1.0
0.6339178051854503,0.0,0.9,0.7073617109819155,1.0,1.0,1.0,0.4,1.0,0.0,0.389893309955904,1.0,0.53,1.0,1.0,1.0,0.0,0.0,0.24,0.5045531126097562,0.49,1.0,0.5382234765598448,0.0,0.0,0.02,1.0,1.0,1.0,0.0,0.0
0.643693468770097,0.0,0.0,0.6444577222913886,1.0,1.0,0.98,0.5,1.0,1.0,0.19584779278919634,0.48,0.86,1.0,0.0,1.0,0.0,0.0,0.87,0.0,0.72,0.33786724119075406,0.22141113113390043,0.0,0.53,0.41,1.0,1.0,1.0,0.0,1.0
0.6617322381144474,0.0,0.8,0.7383246680111968,1.0,0.99,1.0,0.5,0.4,0.0,0.3360802770660585,0.68,0.49,1.0,0.0,1.0,1.0,0.0,0.34,0.0,0.73,0.12445755300244248,0.8448531614391122,0.0,0.74,0.1,1.0,1.0,1.0,0.0,1.0
0.6743362643341444,0.0,0.5,0.7365569206827564,0.41,0.98,1.0,0.5,1.0,0.0,0.12597519206587546,0.78,0.64,1.0,1.0,1.0,0.0,0.0,0.0,0.6358436904654099,0.65,0.5424935054156942,0.0,1.0,0.58,0.0,1.0,1.0,1.0,0.0,0.0
0.6913398290160662,1.0,0.9,0.8977462377936823,0.77,0.96,0.99,1.0,1.0,0.0,0.06779082582723608,0.39,0.36,1.0,0.0,1.0,0.0,1.0,0.22,0.0,0.76,0.3768849367551541,0.5971223550161808,1.0,0.55,0.22,1.0,1.0,1.0,1.0,1.0
0.6864432949025414,0.0,0.0,0.3741041603048266,0.51,0.78,1.0,0.6,0.7,0.0,0.10183777370841451,0.83,0.06,1.0,0.0,0.9,0.0,0.0,0.16,0.20404782796233156,0.84,0.41814648635962287,0.5711885747385217,0.0,0.72,0.65,1.0,1.0,1.0,0.0,1.0
0.6732838067074529,0.0,0.3,0.7161921081868334,0.62,0.61,0.98,0.5,1.0,0.0,0.5037917275209918,0.36,0.98,1.0,0.0,1.0,0.0,0.0,1.0,0.5670090066224617,0.83,0.4223642393502547,0.6750485488432587,1.0,0.82,0.0,1.0,1.0,1.0,0.0,1.0
0.3629978236325846,0.0,0.0,0.8693957052471702,0.81,1.0,0.98,1.0,1.0,0.0,0.3873281463026725,0.67,0.38,1.0,0.0,1.0,1.0,0.0,0.0,0.4085645581224677,0.98,0.8103976314223083,0.0,0.0,0.55,0.11,1.0,1.0,1.0,0.0,1.0
0.6516648153501081,0.0,0.0,0.573231357489603,0.77,1.0,1.0,0.6,1.0,0.0,0.27682986762061007,0.75,0.4,1.0,0.0,1.0,0.0,0.0,0.13,0.4575554654453875,0.84,1.0,0.24138562850135378,0.0,0.54,0.35,1.0,1.0,1.0,0.0,1.0
0.4183674959861386,0.0,0.8,0.6395420907719466,1.0,0.99,0.97,0.6,1.0,0.0,0.41086015685553023,0.0,0.19,1.0,1.0,1.0,1.0,0.0,0.17,0.05635426220252579,1.0,0.3534602356578605,0.660739485734041,1.0,0.75,0.62,1.0,1.0,1.0,0.0,1.0
0.6874301583505379,0.0,1.0,0.7644893635437505,0.65,1.0,1.0,0.6,0.9,0.0,0.3358708795873702,0.53,0.92,1.0,0.0,1.0,0.0,0.0,0.39,0.0,1.0,0.13425765496269385,0.6288600759286853,1.0,0.45,1.0,1.0,1.0,1.0,0.0,1.0
0.6566346639578536,1.0,0.9,0.43131494504552365,1.0,0.81,0.99,0.6,1.0,0.0,0.30748295204198894,0.66,1.0,1.0,0.0,1.0,0.0,0.0,0.55,0.0,0.76,0.6949091447680538,0.7302894224886017,1.0,0.32,0.12,1.0,1.0,0.0,1.0,1.0
0.3333333333333333,0.0,0.0,0.05486437206808564,0.97,0.55,0.98,0.6,1.0,0.0,0.39457529500003047,0.44,0.73,1.0,1.0,1.0,0.0,0.0,0.16,0.284246071947066,0.8,0.26722757740337544,0.5932414540788943,0.0,0.86,0.31,1.0,1.0,1.0,0.0,0.0
0.6578869784023926,0.0,0.4,0.6719104180184339,0.68,1.0,1.0,1.0,1.0,0.0,0.33846971973579015,0.57,1.0,0.0,0.0,1.0,0.0,0.0,0.3,0.0,0.8,0.4440160896416452,0.7159469993387813,0.0,0.86,0.41,1.0,1.0,1.0,0.0,0.0
0.679706919203112,0.0,0.8,0.7162987160679357,1.0,1.0,1.0,0.4,1.0,0.0,1.0,0.71,1.0,0.0,0.0,1.0,1.0,1.0,0.83,0.0,0.44,0.32038319587191605,0.7338858402269804,1.0,0.52,0.0,1.0,1.0,1.0,0.0,1.0
0.6716176169109537,0.0,0.4,0.6176982506235782,1.0,1.0,0.98,1.0,0.6,0.0,0.38431868805749636,0.78,0.58,1.0,0.0,1.0,0.0,0.0,0.19,0.19407922455931825,0.66,0.250064513687441,0.0,1.0,0.55,0.0,1.0,1.0,1.0,0.0,1.0
0.6832153166966339,0.0,0.0,0.6543507031673695,0.83,1.0,0.98,0.5,1.0,0.0,0.38704065148085165,0.08,0.27,1.0,1.0,0.4,0.0,0.0,0.0,0.0,0.91,0.42440869285633637,0.5953702245966069,0.0,0.77,0.0,1.0,1.0,0.0,0.0,1.0
0.6986493634918549,1.0,0.4,0.7162058887068659,1.0,1.0,0.95,0.5,1.0,0.0,0.38803377588600885,0.01,0.62,1.0,0.0,1.0,0.0,0.0,0.23,0.0,0.76,0.0,0.641706341802284,1.0,0.52,0.0,1.0,1.0,1.0,0.0,0.0
0.35401397420547076,1.0,0.0,0.38760900640916934,1.0,1.0,1.0,0.5,0.5,0.0,0.3325008785274105,0.85,1.0,0.0,0.0,1.0,0.0,1.0,0.29,0.11178832087958243,0.86,0.07736537632897977,0.24002696286002878,0.0,0.71,0.0,1.0,1.0,1.0,0.0,1.0
0.3333333333333333,0.0,0.0,0.6871633027107128,1.0,1.0,1.0,0.9,1.0,0.0,0.38381901202678737,0.28,0.0,1.0,0.0,1.0,0.0,0.0,0.31,0.0,0.66,0.20707125530663906,0.5314945911739837,1.0,0.74,0.04,1.0,1.0,1.0,0.0,0.0
0.6972786817343103,0.0,0.8,0.3506702422574692,1.0,0.19,0.98,0.5,1.0,0.0,0.3239770313053638,0.0,0.75,1.0,0.0,1.0,0.0,0.0,0.11,0.29296875069128264,0.82,0.8769177307399602,0.6473775983724248,0.0,0.85,0.0,1.0,1.0,1.0,0.0,1.0
0.41103406453835534,0.0,0.0,0.7686358775682101,0.87,1.0,1.0,0.5,1.0,0.0,0.41229941904293144,0.43,1.0,1.0,0.0,1.0,0.0,1.0,0.24,0.0,0.81,0.16163327215354678,0.0,1.0,0.8,0.55,1.0,1.0,1.0,0.0,1.0
0.6546257124436246,1.0,0.4,0.22766890523683625,1.0,0.5,1.0,1.0,1.0,0.0,0.3464257105869523,0.0,0.72,0.0,0.0,0.5,0.0,0.0,0.26,0.0,1.0,1.0,0.0,0.0,0.76,0.58,1.0,1.0,1.0,0.0,0.0
0.33750277095205095,0.0,0.0,0.6797610508106852,1.0,0.67,0.98,0.5,1.0,1.0,0.2914216214060751,0.38,0.87,1.0,0.0,1.0,0.0,1.0,0.24,0.474823196884827,0.78,0.1728243112813176,0.0,1.0,0.81,0.45,1.0,1.0,1.0,0.0,1.0
0.44275910800230994,0.0,0.9,0.6541672944477287,0.86,0.77,1.0,0.6,1.0,0.0,0.12885266277207671,0.56,0.62,1.0,0.0,1.0,1.0,0.0,0.23,0.0,1.0,0.08075200625362533,0.5730226362668401,1.0,0.71,0.0,1.0,1.0,1.0,0.0,1.0
0.6487583622257147,0.0,0.0,0.3467655027513174,1.0,0.81,1.0,0.4,1.0,1.0,0.15611078783204696,0.0,0.65,1.0,1.0,1.0,1.0,0.0,0.0,0.0,0.73,0.36222685382116465,0.7679979607928323,0.0,0.77,0.15,1.0,1.0,1.0,0.0,1.0
0.6759864865283362,0.0,0.9,0.37135653195433843,1.0,0.88,0.97,0.4,1.0,0.0,0.20854938644814813,0.0,0.9,1.0,0.0,1.0,0.0,0.0,0.29,0.0858667258571146,0.63,0.9428465669515216,0.7017648639501606,0.0,0.0,0.0,1.0,1.0,1.0,0.0,1.0
0.3333333333333333,0.0,0.4,0.7178664902693898,1.0,1.0,0.74,1.0,1.0,0.0,0.3333898087168141,0.41,1.0,1.0,0.0,1.0,1.0,1.0,0.22,0.0,0.7,0.9048552745807958,0.6906518351109007,1.0,0.53,0.44,1.0,1.0,0.0,0.0,1.0
0.6720630738911937,0.0,0.0,0.3874288914070466,0.72,0.73,1.0,0.6,0.6,0.0,0.3933272530899727,0.17,0.94,1.0,1.0,1.0,0.0,0.0,0.0,0.0,0.86,0.6512315777281017,0.43900083337660434,1.0,0.52,0.46,1.0,1.0,1.0,0.0,0.0
0.6911911993692061,1.0,0.9,0.7306685133635689,0.59,0.82,1.0,0.5,0.4,0.0,0.6512545622168626,0.67,0.53,0.0,0.0,1.0,1.0,0.0,0.95,0.0,1.0,0.43626459080604046,0.5309105192410886,1.0,0.48,0.38,1.0,1.0,1.0,0.0,0.0
0.6788143310145727,0.0,0.0,0.7015299949440097,1.0,0.78,1.0,1.0,1.0,0.0,0.376804331878723,0.44,1.0,1.0,0.0,1.0,0.0,0.0,0.0,0.0,0.86,0.05187022559768526,0.2635619142165183,1.0,0.83,0.45,1.0,1.0,1.0,0.0,1.0
